No.,Word,Pinyin,POS,Topic,Definition,HSK Level
1,爱,ài,动词,日常生活与情感,to love; to like,HSK 3.0 Level 1
2,八,bā,数词,语法功能词,eight,HSK 3.0 Level 1
3,爸爸,bàba,名词,日常生活与情感,father; dad,HSK 3.0 Level 1
4,吧,ba,助词,语法功能词,(suggestion/modal particle),HSK 3.0 Level 1
5,白天,báitiān,名词,科技与环境,daytime; day,HSK 3.0 Level 1
6,百,bǎi,数词,语法功能词,hundred,HSK 3.0 Level 1
7,半,bàn,数词,语法功能词,half,HSK 3.0 Level 1
8,包子,bāozi,名词,日常生活与情感,steamed stuffed bun,HSK 3.0 Level 1
9,杯子,bēizi,名词,日常生活与情感,cup; glass,HSK 3.0 Level 1
10,本,běn,量词,语法功能词,measure word for books,HSK 3.0 Level 1
11,边,biān,名词,日常生活与情感,side; border,HSK 3.0 Level 1
12,病,bìng,名词,健康与运动,illness; disease; to fall ill,HSK 3.0 Level 1
13,不,bù,副词,语法功能词,not; no,HSK 3.0 Level 1
14,不客气,bú kèqi,形容词,人际交往,you are welcome; polite,HSK 3.0 Level 1
15,不要,búyào,动词,日常生活与情感,do not want; do not; must not,HSK 3.0 Level 1
16,菜,cài,名词,日常生活与情感,dish; vegetable,HSK 3.0 Level 1
17,茶,chá,名词,日常生活与情感,tea,HSK 3.0 Level 1
18,唱,chàng,动词,消费与休闲,to sing,HSK 3.0 Level 1
19,超市,chāoshì,名词,消费与休闲,supermarket,HSK 3.0 Level 1
20,车,chē,名词,旅行与交通,vehicle; car,HSK 3.0 Level 1
21,吃,chī,动词,日常生活与情感,to eat,HSK 3.0 Level 1
22,出租车,chūzūchē,名词,旅行与交通,taxi; cab,HSK 3.0 Level 1
23,穿,chuān,动词,日常生活与情感,to wear; to put on,HSK 3.0 Level 1
24,打电话,dǎ diànhuà,动词,人际交往,to make a phone call,HSK 3.0 Level 1
25,大,dà,形容词,日常生活与情感,big; large,HSK 3.0 Level 1
26,大家,dàjiā,代词,语法功能词,everyone; all,HSK 3.0 Level 1
27,大学,dàxué,名词,职场与教育,university; college,HSK 3.0 Level 1
28,大学生,dàxuéshēng,名词,职场与教育,university student; college student,HSK 3.0 Level 1
29,到,dào,动词,旅行与交通,to arrive; to reach,HSK 3.0 Level 1
30,的,de,助词,语法功能词,of; (possessive particle),HSK 3.0 Level 1
31,第,dì,前缀,语法功能词,"(prefix indicating ordinal numbers, e.g. first)",HSK 3.0 Level 1
32,弟弟,dìdi,名词,日常生活与情感,younger brother,HSK 3.0 Level 1
33,点,diǎn,量词,日常生活与情感,o'clock; a little bit,HSK 3.0 Level 1
34,店,diàn,名词,消费与休闲,shop; store,HSK 3.0 Level 1
35,电话,diànhuà,名词,人际交往,telephone; phone,HSK 3.0 Level 1
36,电脑,diànnǎo,名词,科技与环境,computer,HSK 3.0 Level 1
37,电视,diànshì,名词,科技与环境,television; TV,HSK 3.0 Level 1
38,电影,diànyǐng,名词,消费与休闲,movie; film,HSK 3.0 Level 1
39,电影院,diànyǐngyuàn,名词,消费与休闲,cinema; movie theater,HSK 3.0 Level 1
40,东西,dōngxi,名词,消费与休闲,thing; object,HSK 3.0 Level 1
41,都,dōu,副词,语法功能词,all; both; already,HSK 3.0 Level 1
42,读,dú,动词,职场与教育,to read; to study,HSK 3.0 Level 1
43,读书,dúshū,动词,职场与教育,to read; to study; to attend school,HSK 3.0 Level 1
44,对,duì,形容词,日常生活与情感,right; correct; towards,HSK 3.0 Level 1
45,对不起,duìbuqǐ,动词,人际交往,I am sorry; excuse me,HSK 3.0 Level 1
46,多,duō,形容词,日常生活与情感,many; much,HSK 3.0 Level 1
47,多少,duōshao,代词,语法功能词,how many; how much,HSK 3.0 Level 1
48,儿子,érzi,名词,日常生活与情感,son,HSK 3.0 Level 1
49,二,èr,数词,语法功能词,two,HSK 3.0 Level 1
50,饭,fàn,名词,日常生活与情感,meal; cooked rice,HSK 3.0 Level 1
51,饭店,fàndiàn,名词,消费与休闲,restaurant; hotel,HSK 3.0 Level 1
52,房间,fángjiān,名词,日常生活与情感,room,HSK 3.0 Level 1
53,非常,fēicháng,副词,语法功能词,very; extremely,HSK 3.0 Level 1
54,飞机,fēijī,名词,旅行与交通,airplane; plane,HSK 3.0 Level 1
55,分,fēn,量词,语法功能词,minute; point; cent,HSK 3.0 Level 1
56,分钟,fēnzhōng,名词,日常生活与情感,minute,HSK 3.0 Level 1
57,高兴,gāoxìng,形容词,日常生活与情感,happy; glad,HSK 3.0 Level 1
58,歌,gē,名词,消费与休闲,song,HSK 3.0 Level 1
59,哥哥,gēge,名词,日常生活与情感,elder brother,HSK 3.0 Level 1
60,个,gè,量词,语法功能词,general measure word,HSK 3.0 Level 1
61,给,gěi,动词,人际交往,to give; to grant; for; to,HSK 3.0 Level 1
62,公司,gōngsī,名词,职场与教育,company; corporation,HSK 3.0 Level 1
63,工作,gōngzuò,动词,职场与教育,to work; job,HSK 3.0 Level 1
64,狗,gǒu,名词,日常生活与情感,dog,HSK 3.0 Level 1
65,贵,guì,形容词,消费与休闲,expensive; costly,HSK 3.0 Level 1
66,国,guó,名词,旅行与交通,country; nation,HSK 3.0 Level 1
67,还,hái,副词,语法功能词,still; also; yet,HSK 3.0 Level 1
68,孩子,háizi,名词,日常生活与情感,child; children,HSK 3.0 Level 1
69,汉语,Hànyǔ,名词,职场与教育,Chinese language; Mandarin,HSK 3.0 Level 1
70,汉字,Hànzì,名词,职场与教育,Chinese character,HSK 3.0 Level 1
71,好,hǎo,形容词,日常生活与情感,good; fine,HSK 3.0 Level 1
72,好吃,hǎochī,形容词,日常生活与情感,delicious; tasty,HSK 3.0 Level 1
73,好看,hǎokàn,形容词,日常生活与情感,good-looking; beautiful; nice,HSK 3.0 Level 1
74,好听,hǎotīng,形容词,日常生活与情感,pleasant to hear; sweet-sounding,HSK 3.0 Level 1
75,好玩儿,hǎowánr,形容词,消费与休闲,fun; amusing; interesting,HSK 3.0 Level 1
76,号,hào,名词,日常生活与情感,date; number,HSK 3.0 Level 1
77,喝,hē,动词,日常生活与情感,to drink,HSK 3.0 Level 1
78,和,hé,连词,语法功能词,and; with,HSK 3.0 Level 1
79,很,hěn,副词,语法功能词,very; quite,HSK 3.0 Level 1
80,后,hòu,名词,日常生活与情感,back; behind; after,HSK 3.0 Level 1
81,回,huí,动词,旅行与交通,to return; to go back,HSK 3.0 Level 1
82,会,huì,动词,职场与教育,can; to know how to; meeting,HSK 3.0 Level 1
83,火车,huǒchē,名词,旅行与交通,train,HSK 3.0 Level 1
84,鸡蛋,jīdàn,名词,日常生活与情感,egg,HSK 3.0 Level 1
85,几,jǐ,代词,语法功能词,how many; several,HSK 3.0 Level 1
86,家,jiā,名词,日常生活与情感,home; family,HSK 3.0 Level 1
87,家人,jiārén,名词,日常生活与情感,family members,HSK 3.0 Level 1
88,见,jiàn,动词,人际交往,to see; to meet,HSK 3.0 Level 1
89,件,jiàn,量词,语法功能词,(measure word for matters or clothes),HSK 3.0 Level 1
90,饺子,jiǎozi,名词,日常生活与情感,dumpling,HSK 3.0 Level 1
91,叫,jiào,动词,人际交往,to be called; to call,HSK 3.0 Level 1
92,姐姐,jiějie,名词,日常生活与情感,elder sister,HSK 3.0 Level 1
93,今年,jīnnián,名词,日常生活与情感,this year,HSK 3.0 Level 1
94,今天,jīntiān,名词,日常生活与情感,today,HSK 3.0 Level 1
95,九,jiǔ,数词,语法功能词,nine,HSK 3.0 Level 1
96,觉得,juéde,动词,日常生活与情感,to feel; to think,HSK 3.0 Level 1
97,开,kāi,动词,旅行与交通,to drive; to open; to start,HSK 3.0 Level 1
98,开车,kāichē,动词,旅行与交通,to drive a car,HSK 3.0 Level 1
99,看,kàn,动词,日常生活与情感,to look; to watch; to read,HSK 3.0 Level 1
100,看病,kànbìng,动词,健康与运动,to see a doctor; to see a patient,HSK 3.0 Level 1
101,看见,kànjiàn,动词,日常生活与情感,to see; to catch sight of,HSK 3.0 Level 1
102,可以,kěyǐ,动词,语法功能词,can; may,HSK 3.0 Level 1
103,课,kè,名词,职场与教育,class; lesson,HSK 3.0 Level 1
104,口,kǒu,量词,语法功能词,measure word for family members or mouthfuls,HSK 3.0 Level 1
105,块,kuài,量词,语法功能词,piece; yuan,HSK 3.0 Level 1
106,来,lái,动词,旅行与交通,to come; to arrive,HSK 3.0 Level 1
107,老师,lǎoshī,名词,职场与教育,teacher,HSK 3.0 Level 1
108,了,le,助词,语法功能词,(modal/aspect particle indicating change or completion),HSK 3.0 Level 1
109,冷,lěng,形容词,科技与环境,cold,HSK 3.0 Level 1
110,里,lǐ,名词,日常生活与情感,inside; in,HSK 3.0 Level 1
111,两,liǎng,数词,语法功能词,two; a couple of,HSK 3.0 Level 1
112,零,líng,数词,语法功能词,zero,HSK 3.0 Level 1
113,六,liù,数词,语法功能词,six,HSK 3.0 Level 1
114,妈妈,māma,名词,日常生活与情感,mother; mom,HSK 3.0 Level 1
115,吗,ma,助词,语法功能词,(question particle),HSK 3.0 Level 1
116,买,mǎi,动词,消费与休闲,to buy; to purchase,HSK 3.0 Level 1
117,卖,mài,动词,消费与休闲,to sell,HSK 3.0 Level 1
118,忙,máng,形容词,日常生活与情感,busy,HSK 3.0 Level 1
119,猫,māo,名词,日常生活与情感,cat,HSK 3.0 Level 1
120,没关系,méi guānxi,动词,人际交往,that is all right; never mind,HSK 3.0 Level 1
121,没事,méishì,动词,日常生活与情感,it is okay; free; have nothing to do,HSK 3.0 Level 1
122,没有,méiyǒu,动词,日常生活与情感,not have; there is not; not as... as,HSK 3.0 Level 1
123,妹妹,mèimei,名词,日常生活与情感,younger sister,HSK 3.0 Level 1
124,们,men,助词,语法功能词,(plural pronoun suffix),HSK 3.0 Level 1
125,米饭,mǐfàn,名词,日常生活与情感,cooked rice,HSK 3.0 Level 1
126,面包,miànbāo,名词,日常生活与情感,bread,HSK 3.0 Level 1
127,面条儿,miàntiáor,名词,日常生活与情感,noodles,HSK 3.0 Level 1
128,明年,míngnián,名词,日常生活与情感,next year,HSK 3.0 Level 1
129,明天,míngtiān,名词,日常生活与情感,tomorrow,HSK 3.0 Level 1
130,名字,míngzi,名词,人际交往,name,HSK 3.0 Level 1
131,哪,nǎ,代词,语法功能词,which; what,HSK 3.0 Level 1
132,哪个,nǎge,代词,语法功能词,which one,HSK 3.0 Level 1
133,哪里,nǎlǐ,代词,语法功能词,where; everywhere; (polite reply),HSK 3.0 Level 1
134,哪儿,nǎr,代词,语法功能词,where,HSK 3.0 Level 1
135,哪些,nǎxiē,代词,语法功能词,which ones,HSK 3.0 Level 1
136,那,nà,代词,语法功能词,that; then,HSK 3.0 Level 1
137,那边,nàbiān,名词,日常生活与情感,over there; that side,HSK 3.0 Level 1
138,那个,nàge,代词,语法功能词,that one,HSK 3.0 Level 1
139,那里,nàlǐ,代词,语法功能词,there,HSK 3.0 Level 1
140,那儿,nàr,代词,语法功能词,there,HSK 3.0 Level 1
141,那些,nàxiē,代词,语法功能词,those,HSK 3.0 Level 1
142,男,nán,形容词,日常生活与情感,male; man,HSK 3.0 Level 1
143,男朋友,nánpéngyou,名词,人际交往,boyfriend,HSK 3.0 Level 1
144,呢,ne,助词,语法功能词,(modal particle indicating continuation or question),HSK 3.0 Level 1
145,能,néng,动词,语法功能词,can; to be able to,HSK 3.0 Level 1
146,你,nǐ,代词,语法功能词,you,HSK 3.0 Level 1
147,你好,nǐ hǎo,动词,人际交往,hello; hi,HSK 3.0 Level 1
148,你们,nǐmen,代词,语法功能词,you (plural),HSK 3.0 Level 1
149,年,nián,名词,日常生活与情感,year,HSK 3.0 Level 1
150,您,nín,代词,语法功能词,you (polite),HSK 3.0 Level 1
151,牛奶,niúnǎi,名词,日常生活与情感,milk,HSK 3.0 Level 1
152,女,nǚ,形容词,日常生活与情感,female; woman,HSK 3.0 Level 1
153,女儿,nǚ'ér,名词,日常生活与情感,daughter,HSK 3.0 Level 1
154,女朋友,nǚpéngyou,名词,人际交往,girlfriend,HSK 3.0 Level 1
155,女士,nǚshì,名词,人际交往,lady; madam; Ms.,HSK 3.0 Level 1
156,朋友,péngyou,名词,人际交往,friend,HSK 3.0 Level 1
157,便宜,piányi,形容词,消费与休闲,cheap; inexpensive,HSK 3.0 Level 1
158,漂亮,piàoliang,形容词,日常生活与情感,beautiful; pretty,HSK 3.0 Level 1
159,苹果,píngguǒ,名词,日常生活与情感,apple,HSK 3.0 Level 1
160,七,qī,数词,语法功能词,seven,HSK 3.0 Level 1
161,起床,qǐchuáng,动词,日常生活与情感,to get up; to wake up,HSK 3.0 Level 1
162,千,qiān,数词,语法功能词,thousand,HSK 3.0 Level 1
163,前,qián,名词,日常生活与情感,front; ahead; before,HSK 3.0 Level 1
164,钱,qián,名词,消费与休闲,money,HSK 3.0 Level 1
165,请,qǐng,动词,人际交往,please; to invite; to treat,HSK 3.0 Level 1
166,请问,qǐngwèn,动词,人际交往,excuse me; may I ask,HSK 3.0 Level 1
167,去,qù,动词,旅行与交通,to go,HSK 3.0 Level 1
168,去年,qùnián,名词,日常生活与情感,last year,HSK 3.0 Level 1
169,热,rè,形容词,科技与环境,hot,HSK 3.0 Level 1
170,人,rén,名词,日常生活与情感,person; people,HSK 3.0 Level 1
171,认识,rènshi,动词,人际交往,to know; to recognize,HSK 3.0 Level 1
172,日,rì,名词,日常生活与情感,day; date; sun,HSK 3.0 Level 1
173,三,sān,数词,语法功能词,three,HSK 3.0 Level 1
174,商店,shāngdiàn,名词,消费与休闲,shop; store,HSK 3.0 Level 1
175,上,shàng,名词,日常生活与情感,above; on; to go up,HSK 3.0 Level 1
176,上班,shàngbān,动词,职场与教育,to go to work; to be on duty,HSK 3.0 Level 1
177,上课,shàngkè,动词,职场与教育,to attend class; to give class,HSK 3.0 Level 1
178,上午,shàngwǔ,名词,日常生活与情感,morning; forenoon,HSK 3.0 Level 1
179,上学,shàngxué,动词,职场与教育,to go to school; to study,HSK 3.0 Level 1
180,少,shǎo,形容词,日常生活与情感,few; little; lack,HSK 3.0 Level 1
181,谁,shéi,代词,语法功能词,who; whom,HSK 3.0 Level 1
182,什么,shénme,代词,语法功能词,what,HSK 3.0 Level 1
183,生病,shēngbìng,动词,健康与运动,to fall ill; to get sick,HSK 3.0 Level 1
184,十,shí,数词,语法功能词,ten,HSK 3.0 Level 1
185,时候,shíhou,名词,日常生活与情感,time; moment,HSK 3.0 Level 1
186,时间,shíjiān,名词,日常生活与情感,time,HSK 3.0 Level 1
187,事,shì,名词,日常生活与情感,thing; matter; business,HSK 3.0 Level 1
188,是,shì,动词,语法功能词,to be; yes,HSK 3.0 Level 1
189,手机,shǒujī,名词,科技与环境,mobile phone; cellphone,HSK 3.0 Level 1
190,书,shū,名词,职场与教育,book,HSK 3.0 Level 1
191,书店,shūdiàn,名词,消费与休闲,bookstore,HSK 3.0 Level 1
192,水,shuǐ,名词,日常生活与情感,water,HSK 3.0 Level 1
193,水果,shuǐguǒ,名词,日常生活与情感,fruit,HSK 3.0 Level 1
194,睡,shuì,动词,日常生活与情感,to sleep; to go to bed,HSK 3.0 Level 1
195,睡觉,shuìjiào,动词,日常生活与情感,to sleep; to go to bed,HSK 3.0 Level 1
196,说,shuō,动词,人际交往,to speak; to say,HSK 3.0 Level 1
197,说话,shuōhuà,动词,人际交往,to speak; to talk,HSK 3.0 Level 1
198,四,sì,数词,语法功能词,four,HSK 3.0 Level 1
199,岁,suì,量词,语法功能词,year of age,HSK 3.0 Level 1
200,他,tā,代词,语法功能词,he; him,HSK 3.0 Level 1
201,它,tā,代词,语法功能词,it,HSK 3.0 Level 1
202,她,tā,代词,语法功能词,she; her,HSK 3.0 Level 1
203,他们,tāmen,代词,语法功能词,they; them (male or mixed),HSK 3.0 Level 1
204,它们,tāmen,代词,语法功能词,they; them (for non-human objects and animals),HSK 3.0 Level 1
205,她们,tāmen,代词,语法功能词,they; them (female),HSK 3.0 Level 1
206,太,tài,副词,语法功能词,too; extremely,HSK 3.0 Level 1
207,天,tiān,名词,科技与环境,sky; day,HSK 3.0 Level 1
208,天气,tiānqì,名词,科技与环境,weather,HSK 3.0 Level 1
209,听,tīng,动词,日常生活与情感,to listen; to hear,HSK 3.0 Level 1
210,听见,tīngjiàn,动词,日常生活与情感,to hear,HSK 3.0 Level 1
211,同学,tóngxué,名词,职场与教育,classmate,HSK 3.0 Level 1
212,外,wài,名词,日常生活与情感,outside; exterior,HSK 3.0 Level 1
213,外边,wàibian,名词,日常生活与情感,outside; outer side,HSK 3.0 Level 1
214,玩,wán,动词,消费与休闲,to play; to have fun,HSK 3.0 Level 1
215,晚,wǎn,形容词,日常生活与情感,late,HSK 3.0 Level 1
216,晚饭,wǎnfàn,名词,日常生活与情感,dinner; supper,HSK 3.0 Level 1
217,晚上,wǎnshang,名词,日常生活与情感,evening; night,HSK 3.0 Level 1
218,喂,wèi,叹词,人际交往,hello; hey,HSK 3.0 Level 1
219,问,wèn,动词,人际交往,to ask; to inquire,HSK 3.0 Level 1
220,问题,wèntí,名词,职场与教育,question; problem,HSK 3.0 Level 1
221,我,wǒ,代词,语法功能词,I; me,HSK 3.0 Level 1
222,我们,wǒmen,代词,语法功能词,we; us,HSK 3.0 Level 1
223,五,wǔ,数词,语法功能词,five,HSK 3.0 Level 1
224,午饭,wǔfàn,名词,日常生活与情感,lunch; midday meal,HSK 3.0 Level 1
225,喜欢,xǐhuan,动词,日常生活与情感,to like; to love,HSK 3.0 Level 1
226,下,xià,名词,日常生活与情感,below; under; to descend,HSK 3.0 Level 1
227,下雨,xià yǔ,动词,科技与环境,to rain,HSK 3.0 Level 1
228,下班,xiàbān,动词,职场与教育,to get off work; to finish work,HSK 3.0 Level 1
229,下课,xiàkè,动词,职场与教育,to finish class; class is over,HSK 3.0 Level 1
230,下午,xiàwǔ,名词,日常生活与情感,afternoon,HSK 3.0 Level 1
231,先生,xiānsheng,名词,人际交往,Mr.; sir,HSK 3.0 Level 1
232,现在,xiànzài,名词,日常生活与情感,now; at present,HSK 3.0 Level 1
233,想,xiǎng,动词,日常生活与情感,to think; to miss; to want,HSK 3.0 Level 1
234,小,xiǎo,形容词,日常生活与情感,small; little,HSK 3.0 Level 1
235,小朋友,xiǎopéngyǒu,名词,人际交往,child; kid,HSK 3.0 Level 1
236,小时,xiǎoshí,名词,日常生活与情感,hour,HSK 3.0 Level 1
237,小学,xiǎoxué,名词,职场与教育,primary school; elementary school,HSK 3.0 Level 1
238,小学生,xiǎoxuéshēng,名词,职场与教育,primary school student,HSK 3.0 Level 1
239,些,xiē,量词,语法功能词,some; a few,HSK 3.0 Level 1
240,写,xiě,动词,职场与教育,to write,HSK 3.0 Level 1
241,谢谢,xièxie,动词,人际交往,to thank; thanks,HSK 3.0 Level 1
242,新,xīn,形容词,日常生活与情感,new,HSK 3.0 Level 1
243,星期,xīngqī,名词,日常生活与情感,week,HSK 3.0 Level 1
244,星期日,xīngqīrì,名词,日常生活与情感,Sunday,HSK 3.0 Level 1
245,星期天,xīngqītiān,名词,日常生活与情感,Sunday,HSK 3.0 Level 1
246,休息,xiūxi,动词,健康与运动,to rest; to take a break,HSK 3.0 Level 1
247,学,xué,动词,职场与教育,to study; to learn,HSK 3.0 Level 1
248,学生,xuéshēng,名词,职场与教育,student,HSK 3.0 Level 1
249,学习,xuéxí,动词,职场与教育,to study; to learn,HSK 3.0 Level 1
250,学校,xuéxiào,名词,职场与教育,school,HSK 3.0 Level 1
251,雪,xuě,名词,科技与环境,snow,HSK 3.0 Level 1
252,要,yào,动词,日常生活与情感,to want; to need; will,HSK 3.0 Level 1
253,也,yě,副词,语法功能词,also; too,HSK 3.0 Level 1
254,一,yī,数词,语法功能词,one,HSK 3.0 Level 1
255,衣服,yīfu,名词,日常生活与情感,clothes; clothing,HSK 3.0 Level 1
256,医生,yīshēng,名词,健康与运动,doctor; physician,HSK 3.0 Level 1
257,医院,yīyuàn,名词,健康与运动,hospital,HSK 3.0 Level 1
258,一半,yíbàn,数词,语法功能词,half; one half,HSK 3.0 Level 1
259,一下,yíxià,量词,语法功能词,once; a bit; in a short while,HSK 3.0 Level 1
260,椅子,yǐzi,名词,日常生活与情感,chair,HSK 3.0 Level 1
261,一点儿,yìdiǎnr,量词,语法功能词,a little; a bit,HSK 3.0 Level 1
262,一些,yìxiē,代词,语法功能词,some; a few,HSK 3.0 Level 1
263,有,yǒu,动词,日常生活与情感,to have; there be,HSK 3.0 Level 1
264,有的,yǒude,代词,语法功能词,some; some of,HSK 3.0 Level 1
265,有点儿,yǒudiǎnr,副词,语法功能词,a bit; slightly,HSK 3.0 Level 1
266,有些,yǒuxiē,代词,语法功能词,some; some of,HSK 3.0 Level 1
267,雨,yǔ,名词,科技与环境,rain,HSK 3.0 Level 1
268,元,yuán,量词,语法功能词,yuan; currency unit,HSK 3.0 Level 1
269,月,yuè,名词,日常生活与情感,month; moon,HSK 3.0 Level 1
270,再,zài,副词,语法功能词,again; once more,HSK 3.0 Level 1
271,在,zài,介词,语法功能词,at; in; on,HSK 3.0 Level 1
272,再见,zàijiàn,动词,人际交往,goodbye; see you again,HSK 3.0 Level 1
273,早,zǎo,形容词,日常生活与情感,early; morning,HSK 3.0 Level 1
274,早饭,zǎofàn,名词,日常生活与情感,breakfast,HSK 3.0 Level 1
275,早上,zǎoshang,名词,日常生活与情感,morning,HSK 3.0 Level 1
276,怎么,zěnme,代词,语法功能词,how; why,HSK 3.0 Level 1
277,怎么样,zěnmeyàng,代词,语法功能词,how about; how is it,HSK 3.0 Level 1
278,找,zhǎo,动词,日常生活与情感,to look for; to find,HSK 3.0 Level 1
279,这,zhè,代词,语法功能词,this,HSK 3.0 Level 1
280,这边,zhèbiān,名词,日常生活与情感,this side; here,HSK 3.0 Level 1
281,这个,zhège,代词,语法功能词,this one,HSK 3.0 Level 1
282,这里,zhèlǐ,代词,语法功能词,here,HSK 3.0 Level 1
283,这儿,zhèr,代词,语法功能词,here,HSK 3.0 Level 1
284,这些,zhèxiē,代词,语法功能词,these,HSK 3.0 Level 1
285,真,zhēn,副词,语法功能词,really; truly,HSK 3.0 Level 1
286,正在,zhèngzài,副词,语法功能词,in the process of; currently,HSK 3.0 Level 1
287,只,zhī,副词,语法功能词,only; merely,HSK 3.0 Level 1
288,知道,zhīdào,动词,日常生活与情感,to know; to realize,HSK 3.0 Level 1
289,中国,Zhōngguó,名词,旅行与交通,China,HSK 3.0 Level 1
290,中文,Zhōngwén,名词,职场与教育,Chinese; Chinese language,HSK 3.0 Level 1
291,中午,zhōngwǔ,名词,日常生活与情感,noon; midday,HSK 3.0 Level 1
292,中学,zhōngxué,名词,职场与教育,middle school; high school,HSK 3.0 Level 1
293,中学生,zhōngxuéshēng,名词,职场与教育,middle school student,HSK 3.0 Level 1
294,住,zhù,动词,日常生活与情感,to live; to stay,HSK 3.0 Level 1
295,桌子,zhuōzi,名词,日常生活与情感,table; desk,HSK 3.0 Level 1
296,字,zì,名词,职场与教育,character; word,HSK 3.0 Level 1
297,昨天,zuótiān,名词,日常生活与情感,yesterday,HSK 3.0 Level 1
298,坐,zuò,动词,旅行与交通,to sit; to ride,HSK 3.0 Level 1
299,做,zuò,动词,日常生活与情感,to do; to make,HSK 3.0 Level 1
300,做饭,zuò fàn,动词,日常生活与情感,to cook; to prepare meals,HSK 3.0 Level 1
301,啊,a,叹词,语法功能词,ah; oh,HSK 2.0 Level 2
302,爱好,àihào,名词,消费与休闲,hobby; interest,HSK 2.0 Level 2
303,白色,báisè,名词,日常生活与情感,white color; white,HSK 2.0 Level 2
304,班,bān,名词,职场与教育,class; shift,HSK 2.0 Level 2
305,帮,bāng,动词,人际交往,to help; to assist,HSK 2.0 Level 2
306,帮忙,bāngmáng,动词,人际交往,to help; to do a favor,HSK 2.0 Level 2
307,包,bāo,名词,消费与休闲,bag; package,HSK 2.0 Level 2
308,本子,běnzi,名词,职场与教育,notebook; exercise book,HSK 2.0 Level 2
309,比,bǐ,介词,语法功能词,than; to compare,HSK 2.0 Level 2
310,笔,bǐ,名词,职场与教育,pen; pencil; writing instrument,HSK 2.0 Level 2
311,别,bié,副词,语法功能词,do not,HSK 2.0 Level 2
312,不错,búcuò,形容词,日常生活与情感,not bad; pretty good,HSK 2.0 Level 2
313,不好意思,bùhǎoyìsi,形容词,人际交往,embarrassed; sorry; shy,HSK 2.0 Level 2
314,长,cháng,形容词,日常生活与情感,long,HSK 2.0 Level 2
315,车站,chēzhàn,名词,旅行与交通,station; stop,HSK 2.0 Level 2
316,出,chū,动词,旅行与交通,to go out; to come out,HSK 2.0 Level 2
317,出国,chūguó,动词,旅行与交通,to go abroad,HSK 2.0 Level 2
318,出来,chūlái,动词,日常生活与情感,to come out; to emerge,HSK 2.0 Level 2
319,出门,chūmén,动词,日常生活与情感,to go out; to leave home,HSK 2.0 Level 2
320,出去,chūqù,动词,日常生活与情感,to go out,HSK 2.0 Level 2
321,床,chuáng,名词,日常生活与情感,bed,HSK 2.0 Level 2
322,词,cí,名词,职场与教育,word; term,HSK 2.0 Level 2
323,次,cì,量词,语法功能词,(measure word for frequency); time,HSK 2.0 Level 2
324,从,cóng,介词,语法功能词,from; since,HSK 2.0 Level 2
325,从小,cóngxiǎo,副词,语法功能词,from childhood,HSK 2.0 Level 2
326,错,cuò,形容词,日常生活与情感,wrong; incorrect,HSK 2.0 Level 2
327,打,dǎ,动词,健康与运动,to play (ball games); to hit; to beat,HSK 2.0 Level 2
328,打车,dǎchē,动词,旅行与交通,to take a taxi,HSK 2.0 Level 2
329,打开,dǎkāi,动词,日常生活与情感,to open; to unfold; to turn on,HSK 2.0 Level 2
330,但,dàn,连词,语法功能词,but; yet,HSK 2.0 Level 2
331,但是,dànshì,连词,语法功能词,but; however,HSK 2.0 Level 2
332,得,de,助词,语法功能词,(structural particle),HSK 2.0 Level 2
333,地,de,助词,语法功能词,(adverbial particle),HSK 2.0 Level 2
334,等,děng,动词,日常生活与情感,to wait; to await,HSK 2.0 Level 2
335,地铁,dìtiě,名词,旅行与交通,subway; metro,HSK 2.0 Level 2
336,点,diǎn,动词,消费与休闲,to order (food); to click; to light,HSK 2.0 Level 2
337,懂,dǒng,动词,职场与教育,to understand; to know,HSK 2.0 Level 2
338,动,dòng,动词,健康与运动,to move; to stir,HSK 2.0 Level 2
339,饭馆,fànguǎn,名词,消费与休闲,restaurant,HSK 2.0 Level 2
340,飞,fēi,动词,科技与环境,to fly,HSK 2.0 Level 2
341,高,gāo,形容词,日常生活与情感,tall; high,HSK 2.0 Level 2
342,高中,gāozhōng,名词,职场与教育,senior high school,HSK 2.0 Level 2
343,告诉,gàosu,动词,人际交往,to tell; to inform,HSK 2.0 Level 2
344,个子,gèzi,名词,日常生活与情感,height; stature,HSK 2.0 Level 2
345,跟,gēn,介词,语法功能词,with; to follow,HSK 2.0 Level 2
346,公交车,gōngjiāochē,名词,旅行与交通,bus; public bus,HSK 2.0 Level 2
347,过,guò,助词,语法功能词,(aspect particle indicating past experience),HSK 2.0 Level 2
348,过,guo,动词,日常生活与情感,to spend (time); to cross; to pass,HSK 2.0 Level 2
349,过来,guòlái,动词,日常生活与情感,to come over,HSK 2.0 Level 2
350,过年,guònián,动词,日常生活与情感,to celebrate the New Year,HSK 2.0 Level 2
351,过去,guòqù,动词,日常生活与情感,to go over; past,HSK 2.0 Level 2
352,还是,háishi,连词,语法功能词,or; still,HSK 2.0 Level 2
353,黑色,hēisè,名词,日常生活与情感,black color; black,HSK 2.0 Level 2
354,红茶,hóngchá,名词,日常生活与情感,black tea,HSK 2.0 Level 2
355,红色,hóngsè,名词,日常生活与情感,red color; red,HSK 2.0 Level 2
356,后面,hòumiàn,名词,日常生活与情感,back; behind,HSK 2.0 Level 2
357,花,huā,名词,科技与环境,flower; blossom,HSK 2.0 Level 2
358,花,huā,动词,消费与休闲,to spend (money or time),HSK 2.0 Level 2
359,画,huà,动词,消费与休闲,to draw; to paint,HSK 2.0 Level 2
360,坏,huài,形容词,日常生活与情感,bad; broken,HSK 2.0 Level 2
361,回来,huílái,动词,日常生活与情感,to come back; to return,HSK 2.0 Level 2
362,回去,huíqù,动词,日常生活与情感,to go back; to return,HSK 2.0 Level 2
363,机场,jīchǎng,名词,旅行与交通,airport,HSK 2.0 Level 2
364,机票,jīpiào,名词,旅行与交通,air ticket,HSK 2.0 Level 2
365,记得,jìde,动词,日常生活与情感,to remember,HSK 2.0 Level 2
366,间,jiān,量词,语法功能词,measure word for rooms,HSK 2.0 Level 2
367,教,jiāo,动词,职场与教育,to teach,HSK 2.0 Level 2
368,教室,jiàoshì,名词,职场与教育,classroom,HSK 2.0 Level 2
369,介绍,jièshào,动词,人际交往,to introduce; to recommend,HSK 2.0 Level 2
370,进,jìn,动词,旅行与交通,to enter; to go in,HSK 2.0 Level 2
371,近,jìn,形容词,日常生活与情感,near; close,HSK 2.0 Level 2
372,进来,jìnlái,动词,日常生活与情感,to come in; to enter,HSK 2.0 Level 2
373,进去,jìnqù,动词,日常生活与情感,to go in; to enter,HSK 2.0 Level 2
374,经常,jīngcháng,副词,语法功能词,often; frequently,HSK 2.0 Level 2
375,酒店,jiǔdiàn,名词,旅行与交通,hotel,HSK 2.0 Level 2
376,就,jiù,副词,语法功能词,then; at once; right away,HSK 2.0 Level 2
377,咖啡,kāfēi,名词,日常生活与情感,coffee,HSK 2.0 Level 2
378,开始,kāishǐ,动词,日常生活与情感,to begin; to start,HSK 2.0 Level 2
379,开学,kāixué,动词,职场与教育,to start a new term; school begins,HSK 2.0 Level 2
380,考,kǎo,动词,职场与教育,to take an exam; to test,HSK 2.0 Level 2
381,考试,kǎoshì,名词,职场与教育,examination; test,HSK 2.0 Level 2
382,可能,kěnéng,副词,语法功能词,maybe; possibly,HSK 2.0 Level 2
383,裤子,kùzi,名词,日常生活与情感,trousers; pants,HSK 2.0 Level 2
384,快,kuài,形容词,日常生活与情感,fast; quick,HSK 2.0 Level 2
385,快乐,kuàilè,形容词,日常生活与情感,happy; cheerful,HSK 2.0 Level 2
386,快要,kuàiyào,副词,语法功能词,about to; on the verge of; soon,HSK 2.0 Level 2
387,篮球,lánqiú,名词,健康与运动,basketball,HSK 2.0 Level 2
388,累,lèi,形容词,日常生活与情感,tired; weary,HSK 2.0 Level 2
389,离,lí,介词,语法功能词,away from; from,HSK 2.0 Level 2
390,里面,lǐmiàn,名词,日常生活与情感,inside; interior,HSK 2.0 Level 2
391,楼,lóu,名词,日常生活与情感,building; floor,HSK 2.0 Level 2
392,路,lù,名词,旅行与交通,road; route,HSK 2.0 Level 2
393,路上,lùshang,名词,旅行与交通,on the road; on the way,HSK 2.0 Level 2
394,旅游,lǚyóu,动词,旅行与交通,to travel; to tour,HSK 2.0 Level 2
395,绿茶,lǜchá,名词,日常生活与情感,green tea,HSK 2.0 Level 2
396,绿色,lǜsè,名词,日常生活与情感,green color; green,HSK 2.0 Level 2
397,慢,màn,形容词,日常生活与情感,slow,HSK 2.0 Level 2
398,没意思,méiyìsi,形容词,日常生活与情感,boring; uninteresting; dull,HSK 2.0 Level 2
399,每,měi,代词,语法功能词,every; each,HSK 2.0 Level 2
400,门,mén,名词,日常生活与情感,door; gate,HSK 2.0 Level 2
401,门口,ménkǒu,名词,旅行与交通,doorway; entrance,HSK 2.0 Level 2
402,门票,ménpiào,名词,消费与休闲,entrance ticket; admission ticket,HSK 2.0 Level 2
403,面,miàn,名词,日常生活与情感,face; surface; side,HSK 2.0 Level 2
404,名,míng,量词,语法功能词,measure word for people,HSK 2.0 Level 2
405,拿,ná,动词,日常生活与情感,to take; to hold,HSK 2.0 Level 2
406,那么,nàme,连词,语法功能词,so; then; in that case,HSK 2.0 Level 2
407,那样,nàyàng,代词,语法功能词,that kind; like that,HSK 2.0 Level 2
408,奶茶,nǎichá,名词,日常生活与情感,milk tea,HSK 2.0 Level 2
409,奶奶,nǎinai,名词,日常生活与情感,paternal grandmother; grandma,HSK 2.0 Level 2
410,男孩儿,nánháir,名词,日常生活与情感,boy,HSK 2.0 Level 2
411,鸟,niǎo,名词,科技与环境,bird,HSK 2.0 Level 2
412,女孩儿,nǚháir,名词,日常生活与情感,girl,HSK 2.0 Level 2
413,旁边,pángbiān,名词,日常生活与情感,side; beside,HSK 2.0 Level 2
414,跑,pǎo,动词,健康与运动,to run,HSK 2.0 Level 2
415,跑步,pǎobù,动词,健康与运动,to run; to jog,HSK 2.0 Level 2
416,票,piào,名词,消费与休闲,ticket,HSK 2.0 Level 2
417,妻子,qīzi,名词,日常生活与情感,wife,HSK 2.0 Level 2
418,起来,qǐlái,动词,语法功能词,to stand up; (indicating start or upward movement),HSK 2.0 Level 2
419,前面,qiánmiàn,名词,日常生活与情感,front; ahead,HSK 2.0 Level 2
420,晴,qíng,形容词,科技与环境,sunny; clear,HSK 2.0 Level 2
421,球,qiú,名词,健康与运动,ball; sphere,HSK 2.0 Level 2
422,让,ràng,动词,人际交往,to let; to allow; to make,HSK 2.0 Level 2
423,肉,ròu,名词,日常生活与情感,meat; flesh,HSK 2.0 Level 2
424,商场,shāngchǎng,名词,消费与休闲,shopping mall; market,HSK 2.0 Level 2
425,上来,shànglái,动词,旅行与交通,to come up; to approach,HSK 2.0 Level 2
426,上面,shàngmiàn,名词,日常生活与情感,above; on top of,HSK 2.0 Level 2
427,上去,shàngqù,动词,旅行与交通,to go up,HSK 2.0 Level 2
428,上网,shàngwǎng,动词,科技与环境,to surf the internet; to go online,HSK 2.0 Level 2
429,身体,shēntǐ,名词,健康与运动,body; health,HSK 2.0 Level 2
430,生日,shēngrì,名词,日常生活与情感,birthday,HSK 2.0 Level 2
431,时,shí,名词,日常生活与情感,time; when; hour,HSK 2.0 Level 2
432,事情,shìqing,名词,日常生活与情感,thing; matter; affair,HSK 2.0 Level 2
433,手,shǒu,名词,健康与运动,hand,HSK 2.0 Level 2
434,手表,shǒubiǎo,名词,消费与休闲,watch; wristwatch,HSK 2.0 Level 2
435,书包,shūbāo,名词,职场与教育,schoolbag; backpack,HSK 2.0 Level 2
436,舒服,shūfu,形容词,健康与运动,comfortable,HSK 2.0 Level 2
437,送,sòng,动词,人际交往,to deliver; to send; to give as a gift,HSK 2.0 Level 2
438,虽然,suīrán,连词,语法功能词,although; though,HSK 2.0 Level 2
439,所以,suǒyǐ,连词,语法功能词,so; therefore,HSK 2.0 Level 2
440,疼,téng,形容词,健康与运动,painful; sore,HSK 2.0 Level 2
441,踢,tī,动词,健康与运动,to kick,HSK 2.0 Level 2
442,题,tí,名词,职场与教育,question; topic; problem,HSK 2.0 Level 2
443,条,tiáo,量词,语法功能词,"measure word for long, thin objects",HSK 2.0 Level 2
444,跳舞,tiàowǔ,动词,消费与休闲,to dance,HSK 2.0 Level 2
445,头,tóu,名词,健康与运动,head; boss; chief,HSK 2.0 Level 2
446,外国,wàiguó,名词,旅行与交通,foreign country,HSK 2.0 Level 2
447,外面,wàimiàn,名词,日常生活与情感,outside; exterior,HSK 2.0 Level 2
448,完,wán,动词,日常生活与情感,to finish; to complete,HSK 2.0 Level 2
449,万,wàn,数词,语法功能词,ten thousand,HSK 2.0 Level 2
450,往,wǎng,介词,语法功能词,towards; to; head for,HSK 2.0 Level 2
451,网上,wǎngshang,名词,科技与环境,online; on the internet,HSK 2.0 Level 2
452,忘,wàng,动词,日常生活与情感,to forget,HSK 2.0 Level 2
453,位,wèi,量词,语法功能词,measure word for people (polite),HSK 2.0 Level 2
454,为什么,wèishénme,代词,语法功能词,why; for what reason,HSK 2.0 Level 2
455,希望,xīwàng,动词,日常生活与情感,to hope; to wish,HSK 2.0 Level 2
456,洗,xǐ,动词,日常生活与情感,to wash; to bathe,HSK 2.0 Level 2
457,洗手间,xǐshǒujiān,名词,日常生活与情感,restroom; toilet,HSK 2.0 Level 2
458,下来,xiàlái,动词,旅行与交通,to come down,HSK 2.0 Level 2
459,下面,xiàmiàn,名词,日常生活与情感,below; under; next,HSK 2.0 Level 2
460,下去,xiàqù,动词,旅行与交通,to go down; to continue,HSK 2.0 Level 2
461,小孩儿,xiǎohái'er,名词,日常生活与情感,child; kid,HSK 2.0 Level 2
462,小时候,xiǎoshíhou,名词,日常生活与情感,in one's childhood,HSK 2.0 Level 2
463,笑,xiào,动词,日常生活与情感,to smile; to laugh,HSK 2.0 Level 2
464,姓,xìng,动词,人际交往,to be surnamed; surname,HSK 2.0 Level 2
465,姓名,xìngmíng,名词,人际交往,full name,HSK 2.0 Level 2
466,颜色,yánsè,名词,日常生活与情感,color,HSK 2.0 Level 2
467,眼睛,yǎnjing,名词,健康与运动,eye,HSK 2.0 Level 2
468,药,yào,名词,健康与运动,medicine; drug,HSK 2.0 Level 2
469,药店,yàodiàn,名词,健康与运动,pharmacy; drugstore,HSK 2.0 Level 2
470,爷爷,yéye,名词,日常生活与情感,paternal grandfather; grandpa,HSK 2.0 Level 2
471,一会儿,yíhuìr,名词,日常生活与情感,a moment; a little while,HSK 2.0 Level 2
472,已经,yǐjīng,副词,语法功能词,already,HSK 2.0 Level 2
473,一起,yìqǐ,副词,语法功能词,together,HSK 2.0 Level 2
474,意思,yìsi,名词,日常生活与情感,meaning; idea,HSK 2.0 Level 2
475,阴,yīn,形容词,科技与环境,overcast; cloudy,HSK 2.0 Level 2
476,因为,yīnwèi,连词,语法功能词,because; since,HSK 2.0 Level 2
477,游,yóu,动词,健康与运动,to swim; to travel; to tour,HSK 2.0 Level 2
478,游泳,yóuyǒng,动词,健康与运动,to swim,HSK 2.0 Level 2
479,有意思,yǒuyìsi,形容词,消费与休闲,interesting; fun; meaningful,HSK 2.0 Level 2
480,有时,yǒushí,副词,语法功能词,sometimes; at times,HSK 2.0 Level 2
481,右,yòu,名词,日常生活与情感,right; right side,HSK 2.0 Level 2
482,右边,yòubian,名词,日常生活与情感,right side,HSK 2.0 Level 2
483,鱼,yú,名词,日常生活与情感,fish,HSK 2.0 Level 2
484,远,yuǎn,形容词,日常生活与情感,far; distant,HSK 2.0 Level 2
485,运动,yùndòng,动词,健康与运动,to exercise; sports,HSK 2.0 Level 2
486,站,zhàn,动词,旅行与交通,to stand; station; stop,HSK 2.0 Level 2
487,丈夫,zhàngfu,名词,日常生活与情感,husband,HSK 2.0 Level 2
488,这么,zhème,代词,语法功能词,so; such; like this,HSK 2.0 Level 2
489,这样,zhèyàng,代词,语法功能词,this way; like this; such,HSK 2.0 Level 2
490,着,zhe,助词,语法功能词,(aspect particle indicating continuous state),HSK 2.0 Level 2
491,正,zhèng,副词,语法功能词,straight; upright; currently,HSK 2.0 Level 2
492,周,zhōu,名词,日常生活与情感,week; cycle,HSK 2.0 Level 2
493,准备,zhǔnbèi,动词,日常生活与情感,to prepare; to get ready,HSK 2.0 Level 2
494,自己,zìjǐ,代词,语法功能词,oneself; own,HSK 2.0 Level 2
495,走,zǒu,动词,旅行与交通,to walk; to leave,HSK 2.0 Level 2
496,走路,zǒulù,动词,旅行与交通,to walk; to go on foot,HSK 2.0 Level 2
497,足球,zúqiú,名词,健康与运动,football; soccer,HSK 2.0 Level 2
498,最,zuì,副词,语法功能词,most; -est,HSK 2.0 Level 2
499,左,zuǒ,名词,日常生活与情感,left; left side,HSK 2.0 Level 2
500,左边,zuǒbian,名词,日常生活与情感,left side,HSK 2.0 Level 2
501,阿姨,āyí,名词,人际交往,auntie; nurse; maid,HSK 3.0 Level 3
502,矮,ǎi,形容词,日常生活与情感,short; low,HSK 3.0 Level 3
503,爱人,àiren,名词,日常生活与情感,spouse; husband; wife,HSK 3.0 Level 3
504,安静,ānjìng,形容词,日常生活与情感,quiet; peaceful,HSK 3.0 Level 3
505,安全,ānquán,形容词,科技与环境,safe; secure,HSK 3.0 Level 3
506,把,bǎ,介词,语法功能词,(disposal marker); to hold,HSK 3.0 Level 3
507,搬,bān,动词,日常生活与情感,to move; to shift,HSK 3.0 Level 3
508,班级,bānjí,名词,职场与教育,class; grade (in school),HSK 3.0 Level 3
509,搬家,bānjiā,动词,日常生活与情感,to move house,HSK 3.0 Level 3
510,办,bàn,动词,职场与教育,to do; to handle; to manage,HSK 3.0 Level 3
511,办法,bànfǎ,名词,职场与教育,method; way,HSK 3.0 Level 3
512,办公室,bàngōngshì,名词,职场与教育,office,HSK 3.0 Level 3
513,半天,bàntiān,名词,日常生活与情感,half a day; a long time,HSK 3.0 Level 3
514,帮助,bāngzhù,动词,人际交往,to help; to assist,HSK 3.0 Level 3
515,饱,bǎo,形容词,日常生活与情感,full; satisfied,HSK 3.0 Level 3
516,报纸,bàozhǐ,名词,消费与休闲,newspaper,HSK 3.0 Level 3
517,北,běi,名词,旅行与交通,north,HSK 3.0 Level 3
518,北方,běifāng,名词,旅行与交通,north; northern region,HSK 3.0 Level 3
519,被,bèi,介词,语法功能词,by; (passive marker),HSK 3.0 Level 3
520,笔记,bǐjì,名词,职场与教育,notes; notebook,HSK 3.0 Level 3
521,比较,bǐjiào,副词,语法功能词,fairly; comparatively; to compare,HSK 3.0 Level 3
522,笔记本,bǐjìběn,名词,科技与环境,notebook; laptop,HSK 3.0 Level 3
523,比如,bǐrú,动词,语法功能词,for example; for instance; such as,HSK 3.0 Level 3
524,比赛,bǐsài,名词,健康与运动,match; competition,HSK 3.0 Level 3
525,必须,bìxū,副词,语法功能词,must; have to,HSK 3.0 Level 3
526,变,biàn,动词,科技与环境,to change; to transform,HSK 3.0 Level 3
527,遍,biàn,量词,语法功能词,time (measure word for actions from beginning to end),HSK 3.0 Level 3
528,变成,biànchéng,动词,科技与环境,to become; to turn into,HSK 3.0 Level 3
529,变化,biànhuà,动词,科技与环境,to change; variation,HSK 3.0 Level 3
530,表演,biǎoyǎn,动词,消费与休闲,to perform; to act,HSK 3.0 Level 3
531,别的,biéde,代词,语法功能词,other; another,HSK 3.0 Level 3
532,别人,biérén,名词,人际交往,other people; others,HSK 3.0 Level 3
533,宾馆,bīnguǎn,名词,旅行与交通,hotel,HSK 3.0 Level 3
534,冰,bīng,名词,科技与环境,ice,HSK 3.0 Level 3
535,冰激凌,bīngjīlíng,名词,日常生活与情感,ice cream,HSK 3.0 Level 3
536,冰箱,bīngxiāng,名词,科技与环境,refrigerator; fridge,HSK 3.0 Level 3
537,病人,bìngrén,名词,健康与运动,patient; sick person,HSK 3.0 Level 3
538,不但,búdàn,连词,语法功能词,not only,HSK 3.0 Level 3
539,不见,bújiàn,动词,日常生活与情感,disappear; not see; see you later (negative),HSK 3.0 Level 3
540,不用,búyòng,副词,语法功能词,need not; there is no need to,HSK 3.0 Level 3
541,不同,bùtóng,形容词,日常生活与情感,different; distinct,HSK 3.0 Level 3
542,不久,bùjiǔ,名词,日常生活与情感,soon; before long; near future,HSK 3.0 Level 3
543,不行,bùxíng,形容词,人际交往,not allowed; won't do; out of the question,HSK 3.0 Level 3
544,才,cái,副词,语法功能词,only then; just,HSK 3.0 Level 3
545,菜单,càidān,名词,消费与休闲,menu,HSK 3.0 Level 3
546,参加,cānjiā,动词,人际交往,to participate; to join,HSK 3.0 Level 3
547,草,cǎo,名词,科技与环境,grass,HSK 3.0 Level 3
548,草地,cǎodì,名词,科技与环境,lawn; grassland; meadow,HSK 3.0 Level 3
549,层,céng,量词,语法功能词,floor; layer; story,HSK 3.0 Level 3
550,查,chá,动词,职场与教育,to check; to investigate; to look up,HSK 3.0 Level 3
551,差,chà,形容词,职场与教育,poor; bad; short of,HSK 3.0 Level 3
552,差不多,chàbuduō,形容词,日常生活与情感,almost; nearly; about the same,HSK 3.0 Level 3
553,尝,cháng,动词,日常生活与情感,to taste,HSK 3.0 Level 3
554,常,cháng,副词,语法功能词,often; frequently,HSK 3.0 Level 3
555,常见,chángjiàn,形容词,科技与环境,common; commonly seen,HSK 3.0 Level 3
556,常用,chángyòng,形容词,职场与教育,commonly used; in common use,HSK 3.0 Level 3
557,常常,chángcháng,副词,语法功能词,often; frequently,HSK 3.0 Level 3
558,衬衫,chènshān,名词,消费与休闲,shirt; blouse,HSK 3.0 Level 3
559,成绩,chéngjì,名词,职场与教育,score; grade; achievement,HSK 3.0 Level 3
560,城市,chéngshì,名词,旅行与交通,city; town,HSK 3.0 Level 3
561,迟到,chídào,动词,职场与教育,to be late; to arrive late,HSK 3.0 Level 3
562,出发,chūfā,动词,旅行与交通,to set out; to start off,HSK 3.0 Level 3
563,出生,chūshēng,动词,日常生活与情感,to be born,HSK 3.0 Level 3
564,出院,chūyuàn,动词,健康与运动,to be discharged from hospital,HSK 3.0 Level 3
565,初中,chūzhōng,名词,职场与教育,junior high school,HSK 3.0 Level 3
566,除了,chúle,介词,语法功能词,except; besides,HSK 3.0 Level 3
567,船,chuán,名词,旅行与交通,boat; ship,HSK 3.0 Level 3
568,春天,chūntiān,名词,科技与环境,spring,HSK 3.0 Level 3
569,词典,cídiǎn,名词,职场与教育,dictionary,HSK 3.0 Level 3
570,聪明,cōngmíng,形容词,日常生活与情感,clever; smart,HSK 3.0 Level 3
571,打扫,dǎsǎo,动词,日常生活与情感,to clean; to sweep,HSK 3.0 Level 3
572,打算,dǎsuàn,动词,日常生活与情感,to plan; to intend,HSK 3.0 Level 3
573,大概,dàgài,副词,语法功能词,probably; roughly,HSK 3.0 Level 3
574,大人,dàren,名词,日常生活与情感,adult; grown-up,HSK 3.0 Level 3
575,大小,dàxiǎo,名词,日常生活与情感,size; dimension,HSK 3.0 Level 3
576,大熊猫,dàxióngmāo,名词,科技与环境,giant panda,HSK 3.0 Level 3
577,大衣,dàyī,名词,日常生活与情感,overcoat; coat,HSK 3.0 Level 3
578,带,dài,动词,日常生活与情感,to bring; to take; to carry,HSK 3.0 Level 3
579,担心,dānxīn,动词,日常生活与情感,to worry; to be anxious,HSK 3.0 Level 3
580,蛋糕,dàngāo,名词,消费与休闲,cake,HSK 3.0 Level 3
581,当然,dāngrán,副词,语法功能词,of course; certainly,HSK 3.0 Level 3
582,到处,dàochù,副词,语法功能词,everywhere,HSK 3.0 Level 3
583,得,dé,动词,日常生活与情感,to get; to obtain,HSK 3.0 Level 3
584,得到,dédào,动词,日常生活与情感,to get; to obtain; to receive,HSK 3.0 Level 3
585,得分,défēn,动词,职场与教育,to score; score,HSK 3.0 Level 3
586,的话,dehuà,助词,语法功能词,(expressing condition) if; in case,HSK 3.0 Level 3
587,得,děi,助词,语法功能词,(structural particle used after a verb to express effect or degree),HSK 3.0 Level 3
588,灯,dēng,名词,日常生活与情感,lamp; light,HSK 3.0 Level 3
589,地,dì,助词,语法功能词,(adverbial particle),HSK 3.0 Level 3
590,地点,dìdiǎn,名词,旅行与交通,place; site; location,HSK 3.0 Level 3
591,地方,dìfang,名词,旅行与交通,place; area,HSK 3.0 Level 3
592,地图,dìtú,名词,旅行与交通,map,HSK 3.0 Level 3
593,电,diàn,名词,科技与环境,electricity,HSK 3.0 Level 3
594,电梯,diàntī,名词,旅行与交通,elevator; lift,HSK 3.0 Level 3
595,电子书,diànzǐshū,名词,科技与环境,e-book; electronic book,HSK 3.0 Level 3
596,丢,diū,动词,日常生活与情感,to lose; to throw away,HSK 3.0 Level 3
597,东,dōng,名词,旅行与交通,east,HSK 3.0 Level 3
598,东北,dōngběi,名词,旅行与交通,northeast,HSK 3.0 Level 3
599,东方,dōngfāng,名词,旅行与交通,the East; Orient,HSK 3.0 Level 3
600,东南,dōngnán,名词,旅行与交通,southeast,HSK 3.0 Level 3
601,冬天,dōngtiān,名词,科技与环境,winter,HSK 3.0 Level 3
602,懂得,dǒngde,动词,职场与教育,to understand; to know,HSK 3.0 Level 3
603,动物,dòngwù,名词,科技与环境,animal,HSK 3.0 Level 3
604,动物园,dòngwùyuán,名词,消费与休闲,zoo,HSK 3.0 Level 3
605,短,duǎn,形容词,日常生活与情感,short; brief,HSK 3.0 Level 3
606,短裤,duǎnkù,名词,日常生活与情感,shorts,HSK 3.0 Level 3
607,段,duàn,量词,语法功能词,section; paragraph,HSK 3.0 Level 3
608,锻炼,duànliàn,动词,健康与运动,to exercise; to work out,HSK 3.0 Level 3
609,对话,duìhuà,名词,人际交往,dialogue; conversation,HSK 3.0 Level 3
610,饿,è,形容词,日常生活与情感,hungry,HSK 3.0 Level 3
611,而且,érqiě,连词,语法功能词,moreover; furthermore,HSK 3.0 Level 3
612,耳朵,ěrduo,名词,健康与运动,ear,HSK 3.0 Level 3
613,耳机,ěrjī,名词,科技与环境,headphones; earphones,HSK 3.0 Level 3
614,发,fā,动词,科技与环境,to send; to issue; to emit,HSK 3.0 Level 3
615,发烧,fāshāo,动词,健康与运动,to have a fever,HSK 3.0 Level 3
616,发生,fāshēng,动词,科技与环境,to happen; to occur,HSK 3.0 Level 3
617,发现,fāxiàn,动词,日常生活与情感,to discover; to find,HSK 3.0 Level 3
618,发展,fāzhǎn,动词,科技与环境,to develop; development,HSK 3.0 Level 3
619,方便,fāngbiàn,形容词,日常生活与情感,convenient,HSK 3.0 Level 3
620,方便面,fāngbiànmiàn,名词,日常生活与情感,instant noodles,HSK 3.0 Level 3
621,方法,fāngfǎ,名词,职场与教育,method; way,HSK 3.0 Level 3
622,方向,fāngxiàng,名词,旅行与交通,direction; orientation,HSK 3.0 Level 3
623,房子,fángzi,名词,日常生活与情感,house; building,HSK 3.0 Level 3
624,放,fàng,动词,日常生活与情感,to put; to place; to release,HSK 3.0 Level 3
625,放假,fàngjià,动词,职场与教育,to have a holiday; to go on vacation,HSK 3.0 Level 3
626,放心,fàngxīn,动词,日常生活与情感,to rest assured; to feel relieved,HSK 3.0 Level 3
627,放学,fàngxué,动词,职场与教育,to finish classes; school lets out,HSK 3.0 Level 3
628,分开,fēnkāi,动词,日常生活与情感,to separate; to part,HSK 3.0 Level 3
629,风,fēng,名词,科技与环境,wind,HSK 3.0 Level 3
630,封,fēng,量词,语法功能词,measure word for letters or emails,HSK 3.0 Level 3
631,夫妻,fūqī,名词,日常生活与情感,husband and wife,HSK 3.0 Level 3
632,服务,fúwù,动词,消费与休闲,to serve; service,HSK 3.0 Level 3
633,附近,fùjìn,名词,旅行与交通,nearby; vicinity,HSK 3.0 Level 3
634,复习,fùxí,动词,职场与教育,to review; to revise,HSK 3.0 Level 3
635,该,gāi,动词,语法功能词,should; ought to; this; that,HSK 3.0 Level 3
636,干净,gānjìng,形容词,日常生活与情感,clean; neat,HSK 3.0 Level 3
637,感兴趣,gǎnxìngqù,动词,消费与休闲,to be interested in,HSK 3.0 Level 3
638,感到,gǎndào,动词,日常生活与情感,to feel; to sense,HSK 3.0 Level 3
639,感冒,gǎnmào,动词,健康与运动,to catch a cold; common cold,HSK 3.0 Level 3
640,干,gàn,动词,职场与教育,to do; to work,HSK 3.0 Level 3
641,刚,gāng,副词,语法功能词,just; barely,HSK 3.0 Level 3
642,刚才,gāngcái,名词,日常生活与情感,just now; a moment ago,HSK 3.0 Level 3
643,刚刚,gānggāng,副词,语法功能词,just; just now,HSK 3.0 Level 3
644,高铁,gāotiě,名词,旅行与交通,high-speed rail,HSK 3.0 Level 3
645,根据,gēnjù,介词,语法功能词,according to; on the basis of,HSK 3.0 Level 3
646,更,gèng,副词,语法功能词,more; even more,HSK 3.0 Level 3
647,公斤,gōngjīn,量词,语法功能词,kilogram; kilo,HSK 3.0 Level 3
648,公园,gōngyuán,名词,消费与休闲,park,HSK 3.0 Level 3
649,工作日,gōngzuòrì,名词,职场与教育,weekday; workday,HSK 3.0 Level 3
650,故事,gùshi,名词,消费与休闲,story; tale,HSK 3.0 Level 3
651,刮,guā,动词,科技与环境,to blow (wind); to shave,HSK 3.0 Level 3
652,关,guān,动词,日常生活与情感,to close; to shut; to turn off,HSK 3.0 Level 3
653,关机,guānjī,动词,科技与环境,to turn off a device; shut down,HSK 3.0 Level 3
654,关系,guānxì,名词,人际交往,relationship; relation,HSK 3.0 Level 3
655,关心,guānxīn,动词,人际交往,to care about; to be concerned about,HSK 3.0 Level 3
656,关于,guānyú,介词,语法功能词,about; regarding,HSK 3.0 Level 3
657,关注,guānzhù,动词,科技与环境,to follow; to pay close attention to,HSK 3.0 Level 3
658,国家,guójiā,名词,旅行与交通,country; nation,HSK 3.0 Level 3
659,过节,guòjié,动词,消费与休闲,to celebrate a festival,HSK 3.0 Level 3
660,过去,guòqù,名词,日常生活与情感,past; in the past,HSK 3.0 Level 3
661,海,hǎi,名词,科技与环境,sea; ocean,HSK 3.0 Level 3
662,害怕,hàipà,动词,日常生活与情感,to be afraid; to fear,HSK 3.0 Level 3
663,好多,hǎoduō,形容词,语法功能词,many; a lot of,HSK 3.0 Level 3
664,好久,hǎojiǔ,名词,日常生活与情感,a long time,HSK 3.0 Level 3
665,好像,hǎoxiàng,副词,语法功能词,as if; to seem like,HSK 3.0 Level 3
666,号码,hàomǎ,名词,科技与环境,number; digits,HSK 3.0 Level 3
667,河,hé,名词,科技与环境,river,HSK 3.0 Level 3
668,合适,héshì,形容词,日常生活与情感,suitable; fitting,HSK 3.0 Level 3
669,黑板,hēibǎn,名词,职场与教育,blackboard; chalkboard,HSK 3.0 Level 3
670,红绿灯,hóng-lǜdēng,名词,旅行与交通,traffic light,HSK 3.0 Level 3
671,后来,hòulái,名词,日常生活与情感,afterwards; later on,HSK 3.0 Level 3
672,后年,hòunián,名词,日常生活与情感,the year after next,HSK 3.0 Level 3
673,后天,hòutiān,名词,日常生活与情感,the day after tomorrow,HSK 3.0 Level 3
674,护照,hùzhào,名词,旅行与交通,passport,HSK 3.0 Level 3
675,花园,huāyuán,名词,日常生活与情感,garden,HSK 3.0 Level 3
676,画家,huàjiā,名词,消费与休闲,painter; artist,HSK 3.0 Level 3
677,欢迎,huānyíng,动词,人际交往,to welcome; to greet,HSK 3.0 Level 3
678,还,huán,副词,语法功能词,still; yet; also,HSK 3.0 Level 3
679,环境,huánjìng,名词,科技与环境,environment; surroundings,HSK 3.0 Level 3
680,换,huàn,动词,消费与休闲,to change; to exchange,HSK 3.0 Level 3
681,黄色,huángsè,名词,日常生活与情感,yellow color; yellow,HSK 3.0 Level 3
682,回答,huídá,动词,职场与教育,to answer; to reply,HSK 3.0 Level 3
683,会,huì,动词,职场与教育,can; to know how to; meeting,HSK 3.0 Level 3
684,会议,huìyì,名词,职场与教育,meeting; conference,HSK 3.0 Level 3
685,或,huò,连词,语法功能词,or; maybe,HSK 3.0 Level 3
686,或者,huòzhě,连词,语法功能词,or,HSK 3.0 Level 3
687,鸡,jī,名词,日常生活与情感,chicken,HSK 3.0 Level 3
688,几乎,jīhū,副词,语法功能词,almost; nearly,HSK 3.0 Level 3
689,机会,jīhuì,名词,职场与教育,opportunity; chance,HSK 3.0 Level 3
690,极,jí,副词,语法功能词,extremely; highly,HSK 3.0 Level 3
691,急,jí,形容词,日常生活与情感,urgent; anxious; hurried,HSK 3.0 Level 3
692,记,jì,动词,职场与教育,to remember; to write down,HSK 3.0 Level 3
693,季,jì,名词,科技与环境,season; period,HSK 3.0 Level 3
694,季节,jìjié,名词,科技与环境,season,HSK 3.0 Level 3
695,加,jiā,动词,语法功能词,to add; to plus,HSK 3.0 Level 3
696,假期,jiàqī,名词,职场与教育,holiday; vacation period,HSK 3.0 Level 3
697,坚持,jiānchí,动词,职场与教育,to persist; to insist on,HSK 3.0 Level 3
698,检查,jiǎnchá,动词,健康与运动,to check; to examine,HSK 3.0 Level 3
699,简单,jiǎndān,形容词,职场与教育,simple; uncomplicated,HSK 3.0 Level 3
700,检票,jiǎnpiào,动词,旅行与交通,to check tickets,HSK 3.0 Level 3
701,健康,jiànkāng,形容词,健康与运动,healthy,HSK 3.0 Level 3
702,见面,jiànmiàn,动词,人际交往,to meet; to see each other,HSK 3.0 Level 3
703,讲,jiǎng,动词,职场与教育,to speak; to explain; to tell,HSK 3.0 Level 3
704,角,jiǎo,量词,语法功能词,dime; ten cents; corner,HSK 3.0 Level 3
705,脚,jiǎo,名词,健康与运动,foot,HSK 3.0 Level 3
706,接,jiē,动词,人际交往,to meet; to pick up; to receive,HSK 3.0 Level 3
707,街,jiē,名词,旅行与交通,street,HSK 3.0 Level 3
708,节,jié,量词,语法功能词,measure word for classes or festival holidays,HSK 3.0 Level 3
709,结婚,jiéhūn,动词,人际交往,to marry; to get married,HSK 3.0 Level 3
710,节目,jiémù,名词,消费与休闲,program; show,HSK 3.0 Level 3
711,节日,jiérì,名词,消费与休闲,festival; holiday,HSK 3.0 Level 3
712,结束,jiéshù,动词,职场与教育,to end; to finish,HSK 3.0 Level 3
713,解决,jiějué,动词,职场与教育,to solve; to settle,HSK 3.0 Level 3
714,姐妹,jiěmèi,名词,日常生活与情感,sisters,HSK 3.0 Level 3
715,借,jiè,动词,消费与休闲,to borrow; to lend,HSK 3.0 Level 3
716,斤,jīn,量词,语法功能词,jin (unit of weight equal to 0.5 kg),HSK 3.0 Level 3
717,经过,jīngguò,动词,旅行与交通,to pass; to go through; through,HSK 3.0 Level 3
718,经理,jīnglǐ,名词,职场与教育,manager,HSK 3.0 Level 3
719,久,jiǔ,形容词,日常生活与情感,for a long time; long,HSK 3.0 Level 3
720,酒,jiǔ,名词,消费与休闲,alcohol; wine; liquor,HSK 3.0 Level 3
721,旧,jiù,形容词,日常生活与情感,old; worn; past,HSK 3.0 Level 3
722,句,jù,量词,语法功能词,measure word for sentences or phrases,HSK 3.0 Level 3
723,句子,jùzi,名词,职场与教育,sentence,HSK 3.0 Level 3
724,决定,juédìng,动词,职场与教育,to decide; decision,HSK 3.0 Level 3
725,卡,kǎ,名词,消费与休闲,card,HSK 3.0 Level 3
726,开花,kāihuā,动词,科技与环境,to bloom; to blossom,HSK 3.0 Level 3
727,开会,kāihuì,动词,职场与教育,to attend a meeting; to hold a meeting,HSK 3.0 Level 3
728,开机,kāijī,动词,科技与环境,to boot up; to turn on a device,HSK 3.0 Level 3
729,开心,kāixīn,形容词,日常生活与情感,happy; joyful,HSK 3.0 Level 3
730,看来,kànlái,副词,语法功能词,it seems; apparently,HSK 3.0 Level 3
731,可,kě,副词,语法功能词,can; may; but,HSK 3.0 Level 3
732,渴,kě,形容词,日常生活与情感,thirsty,HSK 3.0 Level 3
733,可爱,kě'ài,形容词,日常生活与情感,cute; lovely; amiable,HSK 3.0 Level 3
734,可是,kěshì,连词,语法功能词,but; however,HSK 3.0 Level 3
735,刻,kè,量词,语法功能词,quarter (of an hour),HSK 3.0 Level 3
736,课本,kèběn,名词,职场与教育,textbook,HSK 3.0 Level 3
737,客人,kèrén,名词,人际交往,guest; visitor,HSK 3.0 Level 3
738,课文,kèwén,名词,职场与教育,text,HSK 3.0 Level 3
739,空调,kōngtiáo,名词,日常生活与情感,air conditioner,HSK 3.0 Level 3
740,哭,kū,动词,日常生活与情感,to cry; to weep,HSK 3.0 Level 3
741,筷子,kuàizi,名词,日常生活与情感,chopsticks,HSK 3.0 Level 3
742,矿泉水,kuàngquánshuǐ,名词,日常生活与情感,mineral water,HSK 3.0 Level 3
743,来自,láizì,动词,人际交往,to come from,HSK 3.0 Level 3
744,蓝,lán,形容词,日常生活与情感,blue,HSK 3.0 Level 3
745,老,lǎo,形容词,人际交往,old; aged,HSK 3.0 Level 3
746,老人,lǎorén,名词,人际交往,elderly people; senior citizens,HSK 3.0 Level 3
747,离开,líkāi,动词,旅行与交通,to leave; to depart,HSK 3.0 Level 3
748,礼物,lǐwù,名词,人际交往,gift; present,HSK 3.0 Level 3
749,历史,lìshǐ,名词,职场与教育,history,HSK 3.0 Level 3
750,脸,liǎn,名词,健康与运动,face,HSK 3.0 Level 3
751,练,liàn,动词,职场与教育,to practice; to drill,HSK 3.0 Level 3
752,练习,liànxí,动词,职场与教育,to practice; exercise,HSK 3.0 Level 3
753,凉快,liángkuai,形容词,科技与环境,cool; pleasantly cool,HSK 3.0 Level 3
754,辆,liàng,量词,语法功能词,measure word for vehicles,HSK 3.0 Level 3
755,聊,liáo,动词,人际交往,to chat; to talk,HSK 3.0 Level 3
756,聊天儿,liáotiānr,动词,人际交往,to chat,HSK 3.0 Level 3
757,了解,liǎojiě,动词,人际交往,to understand; to know about,HSK 3.0 Level 3
758,邻居,línjū,名词,人际交往,neighbor,HSK 3.0 Level 3
759,留学,liúxué,动词,职场与教育,to study abroad,HSK 3.0 Level 3
760,留学生,liúxuéshēng,名词,职场与教育,international student; foreign student,HSK 3.0 Level 3
761,楼梯,lóutī,名词,日常生活与情感,stairs; staircase,HSK 3.0 Level 3
762,路边,lùbiān,名词,旅行与交通,roadside; wayside,HSK 3.0 Level 3
763,路口,lùkǒu,名词,旅行与交通,intersection; crossing,HSK 3.0 Level 3
764,马,mǎ,名词,科技与环境,horse,HSK 3.0 Level 3
765,马路,mǎlù,名词,旅行与交通,street; road,HSK 3.0 Level 3
766,马上,mǎshàng,副词,语法功能词,immediately; at once,HSK 3.0 Level 3
767,满意,mǎnyì,形容词,日常生活与情感,satisfied; pleased,HSK 3.0 Level 3
768,毛,máo,量词,语法功能词,dime; ten cents; hair; fur,HSK 3.0 Level 3
769,米,mǐ,名词,旅行与交通,meter; rice,HSK 3.0 Level 3
770,面前,miànqián,名词,日常生活与情感,in front of; presence,HSK 3.0 Level 3
771,明白,míngbai,动词,职场与教育,to understand; clear,HSK 3.0 Level 3
772,名单,míngdān,名词,职场与教育,list of names; roll; roster,HSK 3.0 Level 3
773,名人,míngrén,名词,人际交往,celebrity; famous person,HSK 3.0 Level 3
774,南,nán,名词,旅行与交通,south,HSK 3.0 Level 3
775,难,nán,形容词,职场与教育,difficult; hard,HSK 3.0 Level 3
776,南方,nánfāng,名词,旅行与交通,south; southern region,HSK 3.0 Level 3
777,难过,nánguò,形容词,日常生活与情感,sad; hard to bear,HSK 3.0 Level 3
778,难看,nánkàn,形容词,日常生活与情感,ugly; unsightly,HSK 3.0 Level 3
779,男人,nánrén,名词,日常生活与情感,man; male,HSK 3.0 Level 3
780,男生,nánshēng,名词,人际交往,boy; male student,HSK 3.0 Level 3
781,难题,nántí,名词,职场与教育,difficult problem; puzzle,HSK 3.0 Level 3
782,难听,nántīng,形容词,日常生活与情感,unpleasant to hear; offensive,HSK 3.0 Level 3
783,年级,niánjí,名词,职场与教育,grade; year (in school),HSK 3.0 Level 3
784,年轻,niánqīng,形容词,日常生活与情感,young,HSK 3.0 Level 3
785,牛,niú,名词,科技与环境,cow; ox; bull,HSK 3.0 Level 3
786,努力,nǔlì,形容词,职场与教育,hardworking; diligent,HSK 3.0 Level 3
787,女人,nǚrén,名词,日常生活与情感,woman; female,HSK 3.0 Level 3
788,女生,nǚshēng,名词,人际交往,girl; female student,HSK 3.0 Level 3
789,爬,pá,动词,健康与运动,to climb; to crawl,HSK 3.0 Level 3
790,怕,pà,动词,日常生活与情感,to fear; to be afraid of,HSK 3.0 Level 3
791,拍照,pāizhào,动词,消费与休闲,to take a picture; to photography,HSK 3.0 Level 3
792,盘子,pánzi,名词,日常生活与情感,plate; tray,HSK 3.0 Level 3
793,胖,pàng,形容词,健康与运动,fat; plump,HSK 3.0 Level 3
794,啤酒,píjiǔ,名词,消费与休闲,beer,HSK 3.0 Level 3
795,平时,píngshí,名词,日常生活与情感,ordinarily; in normal times,HSK 3.0 Level 3
796,瓶子,píngzi,名词,日常生活与情感,bottle; flask,HSK 3.0 Level 3
797,骑,qí,动词,旅行与交通,"to ride (a bike, horse)",HSK 3.0 Level 3
798,奇怪,qíguài,形容词,日常生活与情感,strange; odd,HSK 3.0 Level 3
799,其实,qíshí,副词,语法功能词,actually; in fact,HSK 3.0 Level 3
800,其他,qítā,代词,语法功能词,other; else,HSK 3.0 Level 3
801,起,qǐ,动词,日常生活与情感,to rise; to get up,HSK 3.0 Level 3
802,起飞,qǐfēi,动词,旅行与交通,to take off (airplane),HSK 3.0 Level 3
803,汽车,qìchē,名词,旅行与交通,car; automobile,HSK 3.0 Level 3
804,铅笔,qiānbǐ,名词,职场与教育,pencil,HSK 3.0 Level 3
805,前年,qiánnián,名词,日常生活与情感,the year before last,HSK 3.0 Level 3
806,前天,qiántiān,名词,日常生活与情感,the day before yesterday,HSK 3.0 Level 3
807,清楚,qīngchu,形容词,人际交往,clear; distinct,HSK 3.0 Level 3
808,请假,qǐngjià,动词,职场与教育,to ask for leave,HSK 3.0 Level 3
809,请客,qǐngkè,动词,消费与休闲,to stand treat; to invite guests,HSK 3.0 Level 3
810,秋天,qiūtiān,名词,科技与环境,autumn; fall,HSK 3.0 Level 3
811,球场,qiúchǎng,名词,健康与运动,sports ground; court; field,HSK 3.0 Level 3
812,裙子,qúnzi,名词,日常生活与情感,skirt; dress,HSK 3.0 Level 3
813,然后,ránhòu,连词,语法功能词,then; afterwards,HSK 3.0 Level 3
814,热情,rèqíng,形容词,人际交往,enthusiastic; warm,HSK 3.0 Level 3
815,认得,rènde,动词,人际交往,to recognize; to know,HSK 3.0 Level 3
816,认为,rènwéi,动词,职场与教育,to think; to believe,HSK 3.0 Level 3
817,认真,rènzhēn,形容词,职场与教育,serious; conscientious,HSK 3.0 Level 3
818,容易,róngyì,形容词,职场与教育,easy; simple,HSK 3.0 Level 3
819,如果,rúguǒ,连词,语法功能词,if; in case,HSK 3.0 Level 3
820,伞,sǎn,名词,日常生活与情感,umbrella,HSK 3.0 Level 3
821,扫,sǎo,动词,日常生活与情感,to sweep; to clean,HSK 3.0 Level 3
822,沙发,shāfā,名词,日常生活与情感,sofa; couch,HSK 3.0 Level 3
823,山,shān,名词,科技与环境,mountain; hill,HSK 3.0 Level 3
824,上衣,shàngyī,名词,日常生活与情感,upper garment; coat; jacket,HSK 3.0 Level 3
825,勺子,sháozi,名词,日常生活与情感,spoon,HSK 3.0 Level 3
826,身边,shēnbiān,名词,日常生活与情感,at one's side; nearby,HSK 3.0 Level 3
827,身高,shēngāo,名词,健康与运动,height (of a person),HSK 3.0 Level 3
828,声,shēng,量词,语法功能词,measure word for sounds; sound,HSK 3.0 Level 3
829,生活,shēnghuó,名词,日常生活与情感,life; lifestyle; to live,HSK 3.0 Level 3
830,生气,shēngqì,动词,日常生活与情感,to get angry; angry,HSK 3.0 Level 3
831,声音,shēngyīn,名词,日常生活与情感,voice; sound,HSK 3.0 Level 3
832,市,shì,名词,旅行与交通,city; municipality,HSK 3.0 Level 3
833,试,shì,动词,职场与教育,to try; to test,HSK 3.0 Level 3
834,室,shì,名词,日常生活与情感,room; chamber,HSK 3.0 Level 3
835,世界,shìjiè,名词,科技与环境,world,HSK 3.0 Level 3
836,收,shōu,动词,人际交往,to receive; to accept; to collect,HSK 3.0 Level 3
837,收到,shōudào,动词,人际交往,to receive; to obtain,HSK 3.0 Level 3
838,受,shòu,动词,人际交往,to receive; to accept; to suffer,HSK 3.0 Level 3
839,瘦,shòu,形容词,健康与运动,thin; slim,HSK 3.0 Level 3
840,受到,shòudào,动词,人际交往,to receive; to suffer; to obtain,HSK 3.0 Level 3
841,叔叔,shūshu,名词,人际交往,uncle,HSK 3.0 Level 3
842,树,shù,名词,科技与环境,tree,HSK 3.0 Level 3
843,数学,shùxué,名词,职场与教育,mathematics; math,HSK 3.0 Level 3
844,刷,shuā,动词,健康与运动,to brush; to swipe,HSK 3.0 Level 3
845,双,shuāng,量词,语法功能词,pair; couple,HSK 3.0 Level 3
846,水平,shuǐpíng,名词,职场与教育,level; standard,HSK 3.0 Level 3
847,司机,sījī,名词,旅行与交通,driver,HSK 3.0 Level 3
848,四季,sìjì,名词,科技与环境,four seasons,HSK 3.0 Level 3
849,太阳,tàiyáng,名词,科技与环境,sun,HSK 3.0 Level 3
850,糖,táng,名词,日常生活与情感,sugar; candy,HSK 3.0 Level 3
851,特别,tèbié,副词,语法功能词,especially; special,HSK 3.0 Level 3
852,提高,tígāo,动词,职场与教育,to improve; to raise,HSK 3.0 Level 3
853,体育,tǐyù,名词,健康与运动,physical education; sports,HSK 3.0 Level 3
854,体育馆,tǐyùguǎn,名词,健康与运动,gymnasium; gym,HSK 3.0 Level 3
855,甜,tián,形容词,日常生活与情感,sweet,HSK 3.0 Level 3
856,跳,tiào,动词,健康与运动,to jump; to leap,HSK 3.0 Level 3
857,听说,tīngshuō,动词,人际交往,to hear of; to be told,HSK 3.0 Level 3
858,挺,tǐng,副词,语法功能词,quite; rather; very,HSK 3.0 Level 3
859,同事,tóngshì,名词,职场与教育,colleague; co-worker,HSK 3.0 Level 3
860,同意,tóngyì,动词,职场与教育,to agree; to consent,HSK 3.0 Level 3
861,头发,tóufa,名词,健康与运动,hair,HSK 3.0 Level 3
862,突然,tūrán,形容词,日常生活与情感,sudden; unexpected; suddenly,HSK 3.0 Level 3
863,图书馆,túshūguǎn,名词,职场与教育,library,HSK 3.0 Level 3
864,腿,tuǐ,名词,健康与运动,leg,HSK 3.0 Level 3
865,外地,wàidì,名词,旅行与交通,places other than local; elsewhere,HSK 3.0 Level 3
866,外卖,wàimài,名词,消费与休闲,takeout; food delivery,HSK 3.0 Level 3
867,外语,wàiyǔ,名词,职场与教育,foreign language,HSK 3.0 Level 3
868,完成,wánchéng,动词,职场与教育,to complete; to accomplish,HSK 3.0 Level 3
869,碗,wǎn,名词,日常生活与情感,bowl,HSK 3.0 Level 3
870,晚点,wǎndiǎn,动词,旅行与交通,to be delayed (train or flight); late,HSK 3.0 Level 3
871,晚会,wǎnhuì,名词,消费与休闲,evening party; gala,HSK 3.0 Level 3
872,网球,wǎngqiú,名词,健康与运动,tennis,HSK 3.0 Level 3
873,网站,wǎngzhàn,名词,科技与环境,website,HSK 3.0 Level 3
874,忘记,wàngjì,动词,日常生活与情感,to forget,HSK 3.0 Level 3
875,为,wèi,介词,语法功能词,for; because of,HSK 3.0 Level 3
876,为了,wèile,介词,语法功能词,for; for the sake of; in order to,HSK 3.0 Level 3
877,卫生间,wèishēngjiān,名词,日常生活与情感,restroom; toilet,HSK 3.0 Level 3
878,文化,wénhuà,名词,职场与教育,culture; civilization,HSK 3.0 Level 3
879,屋子,wūzi,名词,日常生活与情感,room; house,HSK 3.0 Level 3
880,西,xī,名词,旅行与交通,west,HSK 3.0 Level 3
881,西北,xīběi,名词,旅行与交通,northwest,HSK 3.0 Level 3
882,西方,xīfāng,名词,旅行与交通,the West; western countries,HSK 3.0 Level 3
883,西瓜,xīguā,名词,日常生活与情感,watermelon,HSK 3.0 Level 3
884,西南,xīnán,名词,旅行与交通,southwest,HSK 3.0 Level 3
885,习惯,xíguàn,动词,日常生活与情感,to be used to; habit,HSK 3.0 Level 3
886,喜爱,xǐ'ài,动词,日常生活与情感,to love; to like; favorite,HSK 3.0 Level 3
887,洗衣机,xǐyījī,名词,日常生活与情感,washing machine,HSK 3.0 Level 3
888,洗澡,xǐzǎo,动词,健康与运动,to take a bath; to shower,HSK 3.0 Level 3
889,夏天,xiàtiān,名词,科技与环境,summer,HSK 3.0 Level 3
890,先,xiān,副词,语法功能词,first; beforehand,HSK 3.0 Level 3
891,香蕉,xiāngjiāo,名词,日常生活与情感,banana,HSK 3.0 Level 3
892,相信,xiāngxìn,动词,人际交往,to believe; to trust,HSK 3.0 Level 3
893,箱子,xiāngzi,名词,日常生活与情感,box; trunk; suitcase,HSK 3.0 Level 3
894,向,xiàng,介词,语法功能词,towards; to,HSK 3.0 Level 3
895,像,xiàng,动词,日常生活与情感,to look like; similar to,HSK 3.0 Level 3
896,相机,xiàngjī,名词,消费与休闲,camera,HSK 3.0 Level 3
897,小区,xiǎoqū,名词,日常生活与情感,residential community; neighborhood,HSK 3.0 Level 3
898,小心,xiǎoxīn,形容词,健康与运动,careful; cautious,HSK 3.0 Level 3
899,校园,xiàoyuán,名词,职场与教育,campus; schoolyard,HSK 3.0 Level 3
900,校长,xiàozhǎng,名词,职场与教育,principal; headmaster,HSK 3.0 Level 3
901,鞋,xié,名词,日常生活与情感,shoes,HSK 3.0 Level 3
902,心里,xīnlǐ,名词,日常生活与情感,in one's heart/mind; mentally,HSK 3.0 Level 3
903,新年,xīnnián,名词,日常生活与情感,New Year,HSK 3.0 Level 3
904,新闻,xīnwén,名词,科技与环境,news,HSK 3.0 Level 3
905,新鲜,xīnxiān,形容词,科技与环境,fresh,HSK 3.0 Level 3
906,信,xìn,名词,人际交往,letter; mail,HSK 3.0 Level 3
907,信用卡,xìnyòngkǎ,名词,消费与休闲,credit card,HSK 3.0 Level 3
908,行,xíng,动词,人际交往,to be okay; to be alright; to walk,HSK 3.0 Level 3
909,行李,xíngli,名词,旅行与交通,luggage; baggage,HSK 3.0 Level 3
910,兴趣,xìngqù,名词,消费与休闲,interest; hobby,HSK 3.0 Level 3
911,休假,xiūjià,动词,职场与教育,to take a vacation; on leave,HSK 3.0 Level 3
912,需要,xūyào,动词,日常生活与情感,to need; to require,HSK 3.0 Level 3
913,选,xuǎn,动词,职场与教育,to choose; to select,HSK 3.0 Level 3
914,选择,xuǎnzé,动词,职场与教育,to choose; to select; choice,HSK 3.0 Level 3
915,学期,xuéqī,名词,职场与教育,semester; term,HSK 3.0 Level 3
916,牙,yá,名词,健康与运动,tooth,HSK 3.0 Level 3
917,牙刷,yáshuā,名词,日常生活与情感,toothbrush,HSK 3.0 Level 3
918,羊,yáng,名词,科技与环境,sheep; goat,HSK 3.0 Level 3
919,养,yǎng,动词,日常生活与情感,to raise; to breed; to support,HSK 3.0 Level 3
920,要求,yāoqiú,名词,职场与教育,requirement; demand; to request,HSK 3.0 Level 3
921,页,yè,量词,语法功能词,page; leaf,HSK 3.0 Level 3
922,一定,yídìng,副词,语法功能词,definitely; certainly,HSK 3.0 Level 3
923,一共,yígòng,副词,语法功能词,altogether; in total,HSK 3.0 Level 3
924,一块儿,yíkuàir,副词,语法功能词,together; in the same place,HSK 3.0 Level 3
925,一样,yíyàng,形容词,日常生活与情感,same; alike,HSK 3.0 Level 3
926,以后,yǐhòu,名词,日常生活与情感,after; afterwards; later,HSK 3.0 Level 3
927,以前,yǐqián,名词,日常生活与情感,before; formerly,HSK 3.0 Level 3
928,以上,yǐshàng,名词,语法功能词,above; more than; the above-mentioned,HSK 3.0 Level 3
929,以外,yǐwài,名词,语法功能词,except; outside of; other than,HSK 3.0 Level 3
930,以为,yǐwéi,动词,日常生活与情感,to think (mistakenly); to assume,HSK 3.0 Level 3
931,以下,yǐxià,名词,语法功能词,below; under; the following,HSK 3.0 Level 3
932,一般,yìbān,形容词,日常生活与情感,general; ordinary; usually,HSK 3.0 Level 3
933,一边,yìbiān,副词,语法功能词,simultaneously; on one side,HSK 3.0 Level 3
934,一直,yìzhí,副词,语法功能词,straight; continuously; always,HSK 3.0 Level 3
935,音乐,yīnyuè,名词,消费与休闲,music,HSK 3.0 Level 3
936,银行,yínháng,名词,消费与休闲,bank,HSK 3.0 Level 3
937,银行卡,yínhángkǎ,名词,消费与休闲,bank card,HSK 3.0 Level 3
938,饮料,yǐnliào,名词,日常生活与情感,beverage; drink,HSK 3.0 Level 3
939,应该,yīnggāi,动词,语法功能词,should; ought to,HSK 3.0 Level 3
940,影响,yǐngxiǎng,动词,人际交往,to influence; to affect; impact,HSK 3.0 Level 3
941,用,yòng,动词,日常生活与情感,to use,HSK 3.0 Level 3
942,邮件,yóujiàn,名词,职场与教育,mail; email,HSK 3.0 Level 3
943,游客,yóukè,名词,旅行与交通,tourist; visitor,HSK 3.0 Level 3
944,游戏,yóuxì,名词,消费与休闲,game; play,HSK 3.0 Level 3
945,邮箱,yóuxiāng,名词,科技与环境,mailbox; postbox; email inbox,HSK 3.0 Level 3
946,有关,yǒuguān,动词,语法功能词,related to; regarding; concerned,HSK 3.0 Level 3
947,有名,yǒumíng,形容词,消费与休闲,famous; well-known,HSK 3.0 Level 3
948,有用,yǒuyòng,形容词,职场与教育,useful; helpful,HSK 3.0 Level 3
949,又,yòu,副词,语法功能词,again; moreover,HSK 3.0 Level 3
950,羽毛球,yǔmáoqiú,名词,健康与运动,badminton,HSK 3.0 Level 3
951,语言,yǔyán,名词,职场与教育,language,HSK 3.0 Level 3
952,雨衣,yǔyī,名词,日常生活与情感,raincoat,HSK 3.0 Level 3
953,遇到,yùdào,动词,人际交往,to meet; to run into; to encounter,HSK 3.0 Level 3
954,遇见,yùjiàn,动词,人际交往,to meet; to run into,HSK 3.0 Level 3
955,园,yuán,名词,消费与休闲,garden; park; yard,HSK 3.0 Level 3
956,员,yuán,名词,人际交往,member; staff member,HSK 3.0 Level 3
957,愿意,yuànyì,动词,语法功能词,to be willing; to wish,HSK 3.0 Level 3
958,越,yuè,副词,语法功能词,more; to exceed,HSK 3.0 Level 3
959,月亮,yuèliang,名词,科技与环境,moon,HSK 3.0 Level 3
960,运动会,yùndònghuì,名词,健康与运动,sports meet; athletic meeting,HSK 3.0 Level 3
961,运动员,yùndòngyuán,名词,健康与运动,athlete; player,HSK 3.0 Level 3
962,咱们,zánmen,代词,语法功能词,we; us (inclusive of speaker and listener),HSK 3.0 Level 3
963,脏,zāng,形容词,日常生活与情感,dirty; filthy,HSK 3.0 Level 3
964,怎么办,zěnmebàn,动词,日常生活与情感,what to do; how to handle,HSK 3.0 Level 3
965,怎样,zěnyàng,代词,语法功能词,how; what kind,HSK 3.0 Level 3
966,站,zhàn,动词,旅行与交通,to stand; station; stop,HSK 3.0 Level 3
967,张,zhāng,量词,语法功能词,(measure word for flat objects); piece,HSK 3.0 Level 3
968,长,zhǎng,动词,日常生活与情感,to grow; to develop,HSK 3.0 Level 3
969,着急,zháojí,形容词,日常生活与情感,anxious; worried,HSK 3.0 Level 3
970,照,zhào,动词,日常生活与情感,to shine; to photograph; according to,HSK 3.0 Level 3
971,照顾,zhàogù,动词,人际交往,to look after; to take care of,HSK 3.0 Level 3
972,照片,zhàopiàn,名词,消费与休闲,photo; picture,HSK 3.0 Level 3
973,照相,zhàoxiàng,动词,消费与休闲,to take a photo,HSK 3.0 Level 3
974,直到,zhídào,介词,语法功能词,until; up to,HSK 3.0 Level 3
975,只,zhǐ,副词,语法功能词,only; merely,HSK 3.0 Level 3
976,纸,zhǐ,名词,日常生活与情感,paper,HSK 3.0 Level 3
977,只能,zhǐnéng,副词,语法功能词,can only,HSK 3.0 Level 3
978,只是,zhǐshì,连词,语法功能词,only; merely; just; but,HSK 3.0 Level 3
979,只要,zhǐyào,连词,语法功能词,as long as; provided that,HSK 3.0 Level 3
980,只有,zhǐyǒu,连词,语法功能词,only if; only,HSK 3.0 Level 3
981,中,zhōng,名词,语法功能词,middle; in; center,HSK 3.0 Level 3
982,中间,zhōngjiān,名词,日常生活与情感,middle; center,HSK 3.0 Level 3
983,终于,zhōngyú,副词,语法功能词,finally; at last,HSK 3.0 Level 3
984,种,zhǒng,量词,语法功能词,kind; type; sort,HSK 3.0 Level 3
985,重要,zhòngyào,形容词,职场与教育,important; significant,HSK 3.0 Level 3
986,周末,zhōumò,名词,消费与休闲,weekend,HSK 3.0 Level 3
987,主要,zhǔyào,形容词,语法功能词,main; principal; chief,HSK 3.0 Level 3
988,注意,zhùyì,动词,健康与运动,to pay attention to; to note,HSK 3.0 Level 3
989,住院,zhùyuàn,动词,健康与运动,to be hospitalized; in hospital,HSK 3.0 Level 3
990,字典,zìdiǎn,名词,职场与教育,dictionary,HSK 3.0 Level 3
991,自行车,zìxíngchē,名词,旅行与交通,bicycle; bike,HSK 3.0 Level 3
992,子,zi,后缀,语法功能词,(noun suffix),HSK 3.0 Level 3
993,总,zǒng,副词,语法功能词,always; general; chief,HSK 3.0 Level 3
994,总是,zǒngshì,副词,语法功能词,always,HSK 3.0 Level 3
995,嘴,zuǐ,名词,健康与运动,mouth,HSK 3.0 Level 3
996,最好,zuìhǎo,副词,语法功能词,had better; best,HSK 3.0 Level 3
997,最后,zuìhòu,名词,语法功能词,finally; last; at last,HSK 3.0 Level 3
998,最近,zuìjìn,名词,日常生活与情感,recently; lately,HSK 3.0 Level 3
999,做客,zuòkè,动词,人际交往,to be a guest; to visit,HSK 3.0 Level 3
1000,作业,zuòyè,名词,职场与教育,homework; school assignment,HSK 3.0 Level 3
1001,啊,ā,助词,语法功能词,"(modal particle expressing affirmation, exclamation, or irritation)",New HSK Level 4
1002,爱情,àiqíng,名词,日常生活与情感,love; romance,New HSK Level 4
1003,爱心,àixīn,名词,日常生活与情感,love; compassion; kindness,New HSK Level 4
1004,安检,ānjiǎn,名词,旅行与交通,security check,New HSK Level 4
1005,安排,ānpái,动词,职场与教育,to arrange; to plan; arrangement,New HSK Level 4
1006,按,àn,介词,语法功能词,according to; to press,New HSK Level 4
1007,按时,ànshí,副词,语法功能词,on time; on schedule,New HSK Level 4
1008,按照,ànzhào,介词,语法功能词,according to; in accordance with,New HSK Level 4
1009,白酒,báijiǔ,名词,日常生活与情感,Chinese spirits; liquor,New HSK Level 4
1010,办公,bàngōng,动词,职场与教育,to handle official business; to work (in an office),New HSK Level 4
1011,办理,bànlǐ,动词,职场与教育,to handle; to process; to conduct,New HSK Level 4
1012,办事,bànshì,动词,职场与教育,to handle affairs; to do business,New HSK Level 4
1013,棒,bàng,形容词,日常生活与情感,excellent; great; wonderful,New HSK Level 4
1014,保护,bǎohù,动词,科技与环境,to protect; to defend; protection,New HSK Level 4
1015,保证,bǎozhèng,动词,职场与教育,to guarantee; to ensure; pledge,New HSK Level 4
1016,抱,bào,动词,日常生活与情感,to hug; to hold in arms,New HSK Level 4
1017,报考,bàokǎo,动词,职场与教育,to register for an examination,New HSK Level 4
1018,报名,bàomíng,动词,职场与教育,to sign up; to register,New HSK Level 4
1019,抱歉,bàoqiàn,形容词,人际交往,sorry; apologetic,New HSK Level 4
1020,背,bēi,动词,日常生活与情感,to carry on the back; to memorize,New HSK Level 4
1021,背包,bēibāo,名词,日常生活与情感,backpack; knapsack,New HSK Level 4
1022,北部,běibù,名词,旅行与交通,northern part; north,New HSK Level 4
1023,倍,bèi,量词,语法功能词,times; -fold,New HSK Level 4
1024,本科,běnkē,名词,职场与教育,undergraduate education,New HSK Level 4
1025,本来,běnlái,副词,语法功能词,originally; at first; natural,New HSK Level 4
1026,笨,bèn,形容词,日常生活与情感,stupid; foolish; clumsy,New HSK Level 4
1027,鼻子,bízi,名词,健康与运动,nose,New HSK Level 4
1028,笔试,bǐshì,名词,职场与教育,written examination,New HSK Level 4
1029,毕业,bìyè,动词,职场与教育,to graduate,New HSK Level 4
1030,毕业生,bìyèshēng,名词,职场与教育,graduate (from a school),New HSK Level 4
1031,便于,biànyú,动词,语法功能词,to be easy to; convenient for,New HSK Level 4
1032,标准,biāozhǔn,名词,职场与教育,standard; criterion,New HSK Level 4
1033,表,biǎo,名词,日常生活与情感,meter; watch; chart; table,New HSK Level 4
1034,表格,biǎogé,名词,职场与教育,form; table; chart,New HSK Level 4
1035,表示,biǎoshì,动词,人际交往,to express; to show; expression,New HSK Level 4
1036,表现,biǎoxiàn,动词,职场与教育,to show; to display; performance,New HSK Level 4
1037,表扬,biǎoyáng,动词,职场与教育,to praise; to commend,New HSK Level 4
1038,饼干,bǐnggān,名词,日常生活与情感,biscuit; cookie,New HSK Level 4
1039,并,bìng,副词,语法功能词,actually; (not) at all; and,New HSK Level 4
1040,并且,bìngqiě,连词,语法功能词,and; besides; moreover,New HSK Level 4
1041,播放,bōfàng,动词,科技与环境,to broadcast; to play (media),New HSK Level 4
1042,博士,bóshì,名词,职场与教育,doctor; PhD,New HSK Level 4
1043,不必,búbì,副词,语法功能词,need not; not have to,New HSK Level 4
1044,不便,búbiàn,形容词,日常生活与情感,inconvenient; inappropriate,New HSK Level 4
1045,不断,búduàn,副词,语法功能词,continuously; uninterruptedly,New HSK Level 4
1046,不够,búgòu,形容词,日常生活与情感,not enough; insufficient,New HSK Level 4
1047,不过,búguò,连词,语法功能词,but; however; only,New HSK Level 4
1048,不论,búlùn,连词,语法功能词,no matter; regardless of,New HSK Level 4
1049,步,bù,名词,健康与运动,step; pace,New HSK Level 4
1050,部,bù,量词,语法功能词,"measure word for works of literature, films, or machines",New HSK Level 4
1051,不得不,bùdébù,副词,语法功能词,have no choice but to; have to,New HSK Level 4
1052,部分,bùfen,名词,语法功能词,part; section,New HSK Level 4
1053,不管,bùguǎn,连词,语法功能词,no matter; regardless of,New HSK Level 4
1054,不光,bùguāng,副词,语法功能词,not only,New HSK Level 4
1055,不仅,bùjǐn,连词,语法功能词,not only; not just,New HSK Level 4
1056,不满,bùmǎn,形容词,日常生活与情感,dissatisfied; resentful,New HSK Level 4
1057,部门,bùmén,名词,职场与教育,department; branch,New HSK Level 4
1058,不如,bùrú,动词,语法功能词,not as good as; unequal to,New HSK Level 4
1059,擦,cā,动词,日常生活与情感,to wipe; to erase; to rub,New HSK Level 4
1060,猜,cāi,动词,日常生活与情感,to guess,New HSK Level 4
1061,材料,cáiliào,名词,职场与教育,material; data,New HSK Level 4
1062,参观,cānguān,动词,消费与休闲,to visit; to look around,New HSK Level 4
1063,参赛,cānsài,动词,健康与运动,to participate in a competition,New HSK Level 4
1064,餐厅,cāntīng,名词,日常生活与情感,restaurant; dining room,New HSK Level 4
1065,操场,cāochǎng,名词,健康与运动,playground; sports field,New HSK Level 4
1066,厕所,cèsuǒ,名词,日常生活与情感,toilet; restroom,New HSK Level 4
1067,查看,chákàn,动词,科技与环境,to check; to examine; to look up,New HSK Level 4
1068,茶叶,cháyè,名词,日常生活与情感,tea leaves; tea,New HSK Level 4
1069,查找,cházhǎo,动词,科技与环境,to search for; to look for,New HSK Level 4
1070,差点儿,chàdiǎnr,副词,语法功能词,almost; nearly,New HSK Level 4
1071,产生,chǎnshēng,动词,科技与环境,to produce; to generate; to emerge,New HSK Level 4
1072,厂,chǎng,名词,科技与环境,factory; mill,New HSK Level 4
1073,场,chǎng,量词,语法功能词,"measure word for events, games, or movies",New HSK Level 4
1074,超过,chāoguò,动词,科技与环境,to exceed; to surpass,New HSK Level 4
1075,车速,chēsù,名词,旅行与交通,speed of a vehicle,New HSK Level 4
1076,车位,chēwèi,名词,旅行与交通,parking space,New HSK Level 4
1077,城,chéng,名词,旅行与交通,city; town; city wall,New HSK Level 4
1078,乘,chéng,动词,旅行与交通,to ride; to multiply,New HSK Level 4
1079,成功,chénggōng,动词,职场与教育,to succeed; successful; success,New HSK Level 4
1080,乘客,chéngkè,名词,旅行与交通,passenger,New HSK Level 4
1081,诚实,chéngshí,形容词,人际交往,honest,New HSK Level 4
1082,成为,chéngwéi,动词,日常生活与情感,to become; to turn into,New HSK Level 4
1083,乘坐,chéngzuò,动词,旅行与交通,to ride; to take (a vehicle),New HSK Level 4
1084,吃惊,chījīng,动词,日常生活与情感,to be startled; to be shocked,New HSK Level 4
1085,迟,chí,形容词,日常生活与情感,late; delayed,New HSK Level 4
1086,重,chóng,形容词,日常生活与情感,heavy; important,New HSK Level 4
1087,重新,chóngxīn,副词,语法功能词,again; anew,New HSK Level 4
1088,出差,chūchāi,动词,职场与教育,to go on a business trip,New HSK Level 4
1089,出口,chūkǒu,名词,旅行与交通,exit; export,New HSK Level 4
1090,出现,chūxiàn,动词,日常生活与情感,to appear; to emerge,New HSK Level 4
1091,出行,chūxíng,动词,旅行与交通,to travel; to go on a journey,New HSK Level 4
1092,出租,chūzū,动词,消费与休闲,to rent out; to lease,New HSK Level 4
1093,厨房,chúfáng,名词,日常生活与情感,kitchen,New HSK Level 4
1094,厨师,chúshī,名词,日常生活与情感,chef; cook,New HSK Level 4
1095,窗,chuāng,名词,日常生活与情感,window,New HSK Level 4
1096,窗户,chuānghu,名词,日常生活与情感,window,New HSK Level 4
1097,吹,chuī,动词,科技与环境,to blow; to boast,New HSK Level 4
1098,词语,cíyǔ,名词,职场与教育,word; expression,New HSK Level 4
1099,此,cǐ,代词,语法功能词,this; these,New HSK Level 4
1100,此次,cǐcì,代词,语法功能词,this time,New HSK Level 4
1101,此外,cǐwài,连词,语法功能词,besides; in addition; furthermore,New HSK Level 4
1102,从此,cóngcǐ,副词,语法功能词,from now on; ever since,New HSK Level 4
1103,从来,cónglái,副词,语法功能词,always; all along (usually in negative),New HSK Level 4
1104,从中,cóngzhōng,介词,语法功能词,from among; out of,New HSK Level 4
1105,粗,cū,形容词,日常生活与情感,thick; coarse; rough,New HSK Level 4
1106,粗心,cūxīn,形容词,日常生活与情感,careless; thoughtless,New HSK Level 4
1107,村,cūn,名词,科技与环境,village,New HSK Level 4
1108,存,cún,动词,消费与休闲,to deposit; to store; to save,New HSK Level 4
1109,错过,cuòguò,动词,旅行与交通,"to miss (an opportunity, a train)",New HSK Level 4
1110,错误,cuòwù,名词,职场与教育,mistake; error; wrong,New HSK Level 4
1111,答应,dāying,动词,人际交往,to agree; to promise; to answer,New HSK Level 4
1112,答,dá,动词,职场与教育,to answer; to reply,New HSK Level 4
1113,答案,dá'àn,名词,职场与教育,answer; solution,New HSK Level 4
1114,达到,dádào,动词,职场与教育,to reach; to achieve; to attain,New HSK Level 4
1115,打招呼,dǎzhāohu,动词,人际交往,to greet someone; to say hello,New HSK Level 4
1116,打败,dǎbài,动词,健康与运动,to defeat; to beat,New HSK Level 4
1117,打工,dǎgōng,动词,职场与教育,to do part-time work; to work,New HSK Level 4
1118,打扰,dǎrǎo,动词,人际交往,to disturb; to trouble,New HSK Level 4
1119,打印,dǎyìn,动词,职场与教育,to print,New HSK Level 4
1120,打印机,dǎyìnjī,名词,科技与环境,printer,New HSK Level 4
1121,打折,dǎzhé,动词,消费与休闲,to give a discount; discount,New HSK Level 4
1122,打针,dǎzhēn,动词,健康与运动,to give or receive an injection,New HSK Level 4
1123,大巴,dàbā,名词,旅行与交通,coach; large bus,New HSK Level 4
1124,大大,dàdà,副词,语法功能词,greatly; enormously,New HSK Level 4
1125,大夫,dàifu,名词,健康与运动,doctor; medical practitioner,New HSK Level 4
1126,大量,dàliàng,形容词,语法功能词,a large number of; massive,New HSK Level 4
1127,大赛,dàsài,名词,健康与运动,big competition; contest,New HSK Level 4
1128,大厅,dàtīng,名词,日常生活与情感,lobby; hall,New HSK Level 4
1129,大约,dàyuē,副词,语法功能词,approximately; about,New HSK Level 4
1130,大自然,dàzìrán,名词,科技与环境,nature,New HSK Level 4
1131,待,dāi,动词,日常生活与情感,to stay; to treat,New HSK Level 4
1132,戴,dài,动词,日常生活与情感,"to wear (accessories, hat, glasses)",New HSK Level 4
1133,袋子,dàizi,名词,日常生活与情感,bag; sack,New HSK Level 4
1134,单位,dānwèi,名词,职场与教育,work unit; company; unit of measure,New HSK Level 4
1135,当,dāng,动词,职场与教育,to serve as; to be; when,New HSK Level 4
1136,当时,dāngshí,名词,日常生活与情感,at that time; then,New HSK Level 4
1137,刀,dāo,名词,日常生活与情感,knife,New HSK Level 4
1138,导游,dǎoyóu,名词,旅行与交通,tour guide,New HSK Level 4
1139,倒,dào,动词,日常生活与情感,to pour; to fall; upside down,New HSK Level 4
1140,道,dào,动词,人际交往,to say; path; way,New HSK Level 4
1141,到底,dàodǐ,副词,语法功能词,in the end; after all; on earth,New HSK Level 4
1142,到来,dàolái,动词,日常生活与情感,arrival; advent; to arrive,New HSK Level 4
1143,道路,dàolù,名词,旅行与交通,road; path; way,New HSK Level 4
1144,道歉,dàoqiàn,动词,人际交往,to apologize,New HSK Level 4
1145,得意,déyì,形容词,日常生活与情感,proud of oneself; complacent,New HSK Level 4
1146,登机,dēngjī,动词,旅行与交通,to board a plane,New HSK Level 4
1147,等,děng,动词,日常生活与情感,to wait; and so on; class; grade,New HSK Level 4
1148,等到,děngdào,介词,语法功能词,by the time; when,New HSK Level 4
1149,低,dī,形容词,日常生活与情感,low; down; to lower,New HSK Level 4
1150,低价,dījià,名词,消费与休闲,low price,New HSK Level 4
1151,低温,dīwēn,名词,科技与环境,low temperature,New HSK Level 4
1152,低于,dīyú,动词,语法功能词,to be lower than; less than,New HSK Level 4
1153,底,dǐ,名词,日常生活与情感,bottom; end of a year or month,New HSK Level 4
1154,底下,dǐxia,名词,日常生活与情感,under; below; beneath,New HSK Level 4
1155,地球,dìqiú,名词,科技与环境,Earth,New HSK Level 4
1156,地址,dìzhǐ,名词,人际交往,address,New HSK Level 4
1157,点名,diǎnmíng,动词,职场与教育,to roll call; call the roll,New HSK Level 4
1158,点头,diǎntóu,动词,人际交往,to nod (one's head),New HSK Level 4
1159,电动车,diàndòngchē,名词,旅行与交通,electric vehicle; e-bike,New HSK Level 4
1160,电视剧,diànshìjù,名词,消费与休闲,TV drama; TV series,New HSK Level 4
1161,掉,diào,动词,日常生活与情感,to fall; to drop; to lose,New HSK Level 4
1162,调查,diàochá,动词,职场与教育,to investigate; survey,New HSK Level 4
1163,订,dìng,动词,消费与休闲,to book; to order; to reserve,New HSK Level 4
1164,定,dìng,动词,日常生活与情感,to decide; to fix; stable,New HSK Level 4
1165,东部,dōngbù,名词,旅行与交通,eastern part; east,New HSK Level 4
1166,动车,dòngchē,名词,旅行与交通,bullet train; motor train,New HSK Level 4
1167,动作,dòngzuò,名词,健康与运动,movement; action,New HSK Level 4
1168,读者,dúzhě,名词,职场与教育,reader,New HSK Level 4
1169,堵车,dǔchē,动词,旅行与交通,traffic jam,New HSK Level 4
1170,度假,dùjià,动词,消费与休闲,to go on holiday; to spend vacation,New HSK Level 4
1171,肚子,dùzi,名词,健康与运动,belly; stomach,New HSK Level 4
1172,短信,duǎnxìn,名词,人际交往,text message; SMS,New HSK Level 4
1173,队,duì,名词,健康与运动,team; queue; line,New HSK Level 4
1174,对方,duìfāng,代词,人际交往,the other side; opposite party,New HSK Level 4
1175,对面,duìmiàn,名词,日常生活与情感,opposite side; across,New HSK Level 4
1176,对于,duìyú,介词,语法功能词,regarding; with respect to; for,New HSK Level 4
1177,队员,duìyuán,名词,健康与运动,team member,New HSK Level 4
1178,队长,duìzhǎng,名词,健康与运动,team leader; captain,New HSK Level 4
1179,顿,dùn,量词,语法功能词,measure word for meals or scoldings,New HSK Level 4
1180,多么,duōme,副词,语法功能词,how; what (expressing degree),New HSK Level 4
1181,多数,duōshù,名词,语法功能词,majority; most,New HSK Level 4
1182,多样,duōyàng,形容词,科技与环境,diverse; varied,New HSK Level 4
1183,而,ér,连词,语法功能词,and; but; while,New HSK Level 4
1184,儿童,értóng,名词,日常生活与情感,children; child,New HSK Level 4
1185,发出,fāchū,动词,科技与环境,to issue; to send out; to emit,New HSK Level 4
1186,发送,fāsòng,动词,人际交往,to send; to transmit,New HSK Level 4
1187,法,fǎ,名词,职场与教育,law; method; way,New HSK Level 4
1188,法律,fǎlǜ,名词,职场与教育,law,New HSK Level 4
1189,翻译,fānyì,动词,职场与教育,to translate; to interpret; translator,New HSK Level 4
1190,烦,fán,形容词,日常生活与情感,annoyed; vexed; to bother,New HSK Level 4
1191,烦恼,fánnǎo,形容词,日常生活与情感,worried; annoyed; vexed,New HSK Level 4
1192,反对,fǎnduì,动词,人际交往,to oppose; to object,New HSK Level 4
1193,方面,fāngmiàn,名词,语法功能词,aspect; side; field,New HSK Level 4
1194,方式,fāngshì,名词,日常生活与情感,way; method; style,New HSK Level 4
1195,房东,fángdōng,名词,日常生活与情感,landlord; landlady,New HSK Level 4
1196,房租,fángzū,名词,日常生活与情感,rent (for a house or room),New HSK Level 4
1197,放弃,fàngqì,动词,日常生活与情感,to give up; to abandon,New HSK Level 4
1198,放松,fàngsōng,动词,健康与运动,to relax; to loosen,New HSK Level 4
1199,费,fèi,名词,消费与休闲,fee; expense; cost; to spend,New HSK Level 4
1200,费用,fèiyong,名词,消费与休闲,expense; cost; charge,New HSK Level 4
1201,分数,fēnshù,名词,职场与教育,score; grade; fraction,New HSK Level 4
1202,分为,fēnwéi,动词,语法功能词,to divide into; to be divided into,New HSK Level 4
1203,份,fèn,量词,语法功能词,"measure word for publications, reports, or portions",New HSK Level 4
1204,丰富,fēngfù,形容词,日常生活与情感,abundant; rich; plentiful,New HSK Level 4
1205,风景,fēngjǐng,名词,旅行与交通,scenery; landscape,New HSK Level 4
1206,否则,fǒuzé,连词,语法功能词,otherwise; or else,New HSK Level 4
1207,幅,fú,量词,语法功能词,"measure word for paintings, textiles, or maps",New HSK Level 4
1208,符合,fúhé,动词,语法功能词,to accord with; to conform to,New HSK Level 4
1209,付,fù,动词,消费与休闲,to pay; to hand over,New HSK Level 4
1210,父母,fùmǔ,名词,日常生活与情感,parents; father and mother,New HSK Level 4
1211,父女,fùnǚ,名词,日常生活与情感,father and daughter,New HSK Level 4
1212,父亲,fùqīn,名词,日常生活与情感,father,New HSK Level 4
1213,复印,fùyìn,动词,职场与教育,to photocopy; to duplicate,New HSK Level 4
1214,复杂,fùzá,形容词,日常生活与情感,complex; complicated,New HSK Level 4
1215,负责,fùzé,动词,职场与教育,to be responsible for; in charge,New HSK Level 4
1216,负责人,fùzérén,名词,职场与教育,person in charge; director; head,New HSK Level 4
1217,父子,fùzǐ,名词,日常生活与情感,father and son,New HSK Level 4
1218,改,gǎi,动词,职场与教育,to change; to correct; to alter,New HSK Level 4
1219,改变,gǎibiàn,动词,日常生活与情感,to change; to alter,New HSK Level 4
1220,干,gān,形容词,科技与环境,dry; parched,New HSK Level 4
1221,干杯,gānbēi,动词,日常生活与情感,to drink a toast; cheers,New HSK Level 4
1222,赶,gǎn,动词,旅行与交通,to catch up; to rush for; to hurry,New HSK Level 4
1223,敢,gǎn,动词,日常生活与情感,to dare; to venture,New HSK Level 4
1224,感,gǎn,动词,日常生活与情感,to feel; to sense; to move,New HSK Level 4
1225,感动,gǎndòng,动词,日常生活与情感,to move (emotionally); touched,New HSK Level 4
1226,赶紧,gǎnjǐn,副词,语法功能词,hurriedly; losing no time; without delay,New HSK Level 4
1227,感觉,gǎnjué,动词,日常生活与情感,to feel; feeling; perception,New HSK Level 4
1228,赶快,gǎnkuài,副词,语法功能词,at once; quickly; immediately,New HSK Level 4
1229,感情,gǎnqíng,名词,日常生活与情感,emotion; feeling; affection,New HSK Level 4
1230,感人,gǎnrén,形容词,日常生活与情感,touching; moving,New HSK Level 4
1231,赶上,gǎnshàng,动词,旅行与交通,to catch up with; to keep up with,New HSK Level 4
1232,感受,gǎnshòu,动词,日常生活与情感,to feel; to experience; perception,New HSK Level 4
1233,感谢,gǎnxiè,动词,人际交往,to thank; to be grateful,New HSK Level 4
1234,干活儿,gànhuór,动词,职场与教育,to work; to do manual labor,New HSK Level 4
1235,钢琴,gāngqín,名词,消费与休闲,piano,New HSK Level 4
1236,高价,gāojià,名词,消费与休闲,high price,New HSK Level 4
1237,高考,gāokǎo,名词,职场与教育,National College Entrance Examination (Gaokao),New HSK Level 4
1238,高速,gāosù,形容词,旅行与交通,high-speed; express,New HSK Level 4
1239,高温,gāowēn,名词,科技与环境,high temperature; heat wave,New HSK Level 4
1240,高于,gāoyú,动词,语法功能词,to be higher than; to exceed,New HSK Level 4
1241,胳膊,gēbo,名词,健康与运动,arm,New HSK Level 4
1242,歌声,gēshēng,名词,消费与休闲,singing voice; sound of singing,New HSK Level 4
1243,歌手,gēshǒu,名词,消费与休闲,singer; vocalist,New HSK Level 4
1244,各,gè,代词,语法功能词,each; every; various,New HSK Level 4
1245,各地,gèdì,名词,旅行与交通,in all parts of (a country); everywhere,New HSK Level 4
1246,各个,gègè,代词,语法功能词,each; every; various,New HSK Level 4
1247,各位,gèwèi,代词,语法功能词,everyone; everybody (polite),New HSK Level 4
1248,各种,gèzhǒng,形容词,语法功能词,all kinds of; various,New HSK Level 4
1249,更加,gèngjiā,副词,语法功能词,even more; furthermore,New HSK Level 4
1250,工厂,gōngchǎng,名词,科技与环境,factory; mill; plant,New HSK Level 4
1251,功夫,gōngfu,名词,健康与运动,Kung Fu; martial arts; effort; time,New HSK Level 4
1252,公共,gōnggòng,形容词,人际交往,public; common; communal,New HSK Level 4
1253,功课,gōngkè,名词,职场与教育,homework; schoolwork; course,New HSK Level 4
1254,公里,gōnglǐ,量词,语法功能词,kilometer,New HSK Level 4
1255,公路,gōnglù,名词,旅行与交通,highway; public road,New HSK Level 4
1256,工人,gōngrén,名词,职场与教育,worker; workman,New HSK Level 4
1257,工资,gōngzī,名词,职场与教育,salary; wages,New HSK Level 4
1258,共,gòng,副词,语法功能词,altogether; in total; to share,New HSK Level 4
1259,共同,gòngtóng,形容词,人际交往,common; shared,New HSK Level 4
1260,够,gòu,动词,消费与休闲,to be enough; sufficient,New HSK Level 4
1261,购买,gòumǎi,动词,消费与休闲,to purchase; to buy,New HSK Level 4
1262,购物,gòuwù,动词,消费与休闲,to go shopping,New HSK Level 4
1263,估计,gūjì,动词,日常生活与情感,to estimate; to reckon,New HSK Level 4
1264,姑娘,gūniang,名词,日常生活与情感,girl; young lady,New HSK Level 4
1265,鼓励,gǔlì,动词,人际交往,to encourage; to urge,New HSK Level 4
1266,顾客,gùkè,名词,消费与休闲,customer; client,New HSK Level 4
1267,故意,gùyì,副词,语法功能词,intentionally; on purpose,New HSK Level 4
1268,挂,guà,动词,日常生活与情感,to hang; to put up,New HSK Level 4
1269,关键,guānjiàn,名词,语法功能词,key point; crucial; key,New HSK Level 4
1270,观看,guānkàn,动词,消费与休闲,to watch; to view; to spectate,New HSK Level 4
1271,观众,guānzhòng,名词,消费与休闲,audience; spectator,New HSK Level 4
1272,管,guǎn,动词,职场与教育,to manage; to control; to care about,New HSK Level 4
1273,管理,guǎnlǐ,动词,职场与教育,to manage; to administer; management,New HSK Level 4
1274,光,guāng,名词,科技与环境,light; ray; only,New HSK Level 4
1275,广播,guǎngbō,名词,科技与环境,broadcast; radio program,New HSK Level 4
1276,广告,guǎnggào,名词,消费与休闲,advertisement; ad,New HSK Level 4
1277,逛,guàng,动词,消费与休闲,to stroll; to wander,New HSK Level 4
1278,规定,guīdìng,名词,职场与教育,regulation; rule; to stipulate,New HSK Level 4
1279,国籍,guójí,名词,人际交往,nationality; citizenship,New HSK Level 4
1280,国际,guójì,形容词,旅行与交通,international,New HSK Level 4
1281,果汁,guǒzhī,名词,日常生活与情感,fruit juice; juice,New HSK Level 4
1282,过程,guòchéng,名词,语法功能词,process; course of events,New HSK Level 4
1283,海洋,hǎiyáng,名词,科技与环境,ocean; sea,New HSK Level 4
1284,害羞,hàixiū,形容词,日常生活与情感,shy; bashful,New HSK Level 4
1285,寒假,hánjià,名词,职场与教育,winter vacation,New HSK Level 4
1286,寒冷,hánlěng,形容词,科技与环境,cold; frigid,New HSK Level 4
1287,喊,hǎn,动词,日常生活与情感,to shout; to yell; to call,New HSK Level 4
1288,汗,hàn,名词,健康与运动,sweat; perspiration,New HSK Level 4
1289,航班,hángbān,名词,旅行与交通,scheduled flight; flight,New HSK Level 4
1290,好处,hǎochù,名词,日常生活与情感,benefit; advantage,New HSK Level 4
1291,好好,hǎohǎo,副词,语法功能词,well; carefully; to one's heart's content,New HSK Level 4
1292,好笑,hǎoxiào,形容词,消费与休闲,funny; laughable; ridiculous,New HSK Level 4
1293,合格,hégé,形容词,职场与教育,qualified; up to standard,New HSK Level 4
1294,盒子,hézi,名词,日常生活与情感,box; case,New HSK Level 4
1295,红包,hóngbāo,名词,日常生活与情感,red envelope; red packet (containing money),New HSK Level 4
1296,厚,hòu,形容词,日常生活与情感,thick,New HSK Level 4
1297,后悔,hòuhuǐ,动词,日常生活与情感,to regret,New HSK Level 4
1298,忽然,hūrán,副词,语法功能词,suddenly; all of a sudden,New HSK Level 4
1299,互联网,hùliánwǎng,名词,科技与环境,Internet,New HSK Level 4
1300,护士,hùshi,名词,健康与运动,nurse,New HSK Level 4
1301,互相,hùxiāng,副词,语法功能词,mutually; each other,New HSK Level 4
1302,话剧,huàjù,名词,消费与休闲,stage play; modern drama,New HSK Level 4
1303,怀疑,huáiyí,动词,日常生活与情感,to doubt; to suspect,New HSK Level 4
1304,坏处,huàichù,名词,日常生活与情感,disadvantage; harm; drawback,New HSK Level 4
1305,环保,huánbǎo,名词,科技与环境,environmental protection; eco-friendly,New HSK Level 4
1306,换乘,huànchéng,动词,旅行与交通,"to transfer (buses, trains, etc.)",New HSK Level 4
1307,回复,huífù,动词,人际交往,to reply; to respond,New HSK Level 4
1308,回信,huíxìn,动词,人际交往,to reply to a letter; reply letter,New HSK Level 4
1309,回忆,huíyì,动词,日常生活与情感,to recall; to remember; memory,New HSK Level 4
1310,会员,huìyuán,名词,消费与休闲,"member (of a club, website, etc.)",New HSK Level 4
1311,活,huó,动词,科技与环境,to live; alive; living,New HSK Level 4
1312,活动,huódòng,名词,健康与运动,activity; event,New HSK Level 4
1313,活泼,huópō,形容词,日常生活与情感,lively; active; vivacious,New HSK Level 4
1314,火,huǒ,形容词,日常生活与情感,angry; popular; fire,New HSK Level 4
1315,货,huò,名词,消费与休闲,goods; commodity; merchandise,New HSK Level 4
1316,获得,huòdé,动词,职场与教育,to obtain; to acquire; to win,New HSK Level 4
1317,获奖,huòjiǎng,动词,职场与教育,to win a prize; to be awarded,New HSK Level 4
1318,获取,huòqǔ,动词,科技与环境,"to gain; to acquire; to obtain (data, info)",New HSK Level 4
1319,基本,jīběn,形容词,语法功能词,basic; fundamental; elementary,New HSK Level 4
1320,基本上,jīběnshàng,副词,语法功能词,basically; on the whole,New HSK Level 4
1321,基础,jīchǔ,名词,职场与教育,foundation; base; basis,New HSK Level 4
1322,激动,jīdòng,形容词,日常生活与情感,excited; thrilled,New HSK Level 4
1323,积极,jījí,形容词,职场与教育,positive; active; enthusiastic,New HSK Level 4
1324,积累,jīlěi,动词,职场与教育,to accumulate; accumulation,New HSK Level 4
1325,及时,jíshí,形容词,日常生活与情感,timely; in time; promptly,New HSK Level 4
1326,即使,jíshǐ,连词,语法功能词,even if; even though,New HSK Level 4
1327,既,jì,连词,语法功能词,both... (and...); since; as,New HSK Level 4
1328,寄,jì,动词,人际交往,to mail; to post; to send,New HSK Level 4
1329,计划,jìhuà,动词,职场与教育,to plan; project; design,New HSK Level 4
1330,既然,jìrán,连词,语法功能词,since; as; now that,New HSK Level 4
1331,技术,jìshù,名词,科技与环境,technology; skill,New HSK Level 4
1332,继续,jìxù,动词,职场与教育,to continue; to go on,New HSK Level 4
1333,记者,jìzhě,名词,职场与教育,reporter; journalist,New HSK Level 4
1334,加班,jiābān,动词,职场与教育,to work overtime,New HSK Level 4
1335,家具,jiājù,名词,日常生活与情感,furniture,New HSK Level 4
1336,加快,jiākuài,动词,科技与环境,to accelerate; to speed up,New HSK Level 4
1337,加强,jiāqiáng,动词,职场与教育,to strengthen; to reinforce,New HSK Level 4
1338,加入,jiārù,动词,人际交往,to join; to participate in; to add,New HSK Level 4
1339,加上,jiāshàng,动词,语法功能词,to add; plus; in addition,New HSK Level 4
1340,家庭,jiātíng,名词,日常生活与情感,family; household,New HSK Level 4
1341,家乡,jiāxiāng,名词,日常生活与情感,hometown; native place,New HSK Level 4
1342,加油,jiāyóu,动词,人际交往,to cheer on; to make an extra effort; to refuel,New HSK Level 4
1343,加油站,jiāyóuzhàn,名词,旅行与交通,gas station; petrol station,New HSK Level 4
1344,家长,jiāzhǎng,名词,职场与教育,parents; guardian,New HSK Level 4
1345,假,jiǎ,形容词,日常生活与情感,false; fake; artificial,New HSK Level 4
1346,价格,jiàgé,名词,消费与休闲,price,New HSK Level 4
1347,价钱,jiàqián,名词,消费与休闲,price; cost,New HSK Level 4
1348,假日,jiàrì,名词,消费与休闲,holiday; day off,New HSK Level 4
1349,减,jiǎn,动词,语法功能词,to subtract; to reduce; to decrease,New HSK Level 4
1350,减轻,jiǎnqīng,动词,健康与运动,to lighten; to ease; to alleviate,New HSK Level 4
1351,减少,jiǎnshǎo,动词,科技与环境,to reduce; to decrease,New HSK Level 4
1352,健身,jiànshēn,动词,健康与运动,to keep fit; fitness; physical exercise,New HSK Level 4
1353,健身房,jiànshēnfáng,名词,健康与运动,gym; fitness center,New HSK Level 4
1354,建议,jiànyì,动词,职场与教育,to suggest; to propose; suggestion,New HSK Level 4
1355,江,jiāng,名词,科技与环境,river,New HSK Level 4
1356,将,jiāng,副词,语法功能词,will; shall; about to,New HSK Level 4
1357,将来,jiānglái,名词,日常生活与情感,future,New HSK Level 4
1358,将要,jiāngyào,副词,语法功能词,will; shall; be about to,New HSK Level 4
1359,奖,jiǎng,名词,职场与教育,prize; award; reward,New HSK Level 4
1360,奖金,jiǎngjīn,名词,职场与教育,bonus; award money,New HSK Level 4
1361,奖学金,jiǎngxuéjīn,名词,职场与教育,scholarship,New HSK Level 4
1362,降,jiàng,动词,科技与环境,to fall; to drop; to descend,New HSK Level 4
1363,降低,jiàngdī,动词,科技与环境,to lower; to reduce; to decrease,New HSK Level 4
1364,降价,jiàngjià,动词,消费与休闲,to cut prices; price reduction,New HSK Level 4
1365,降落,jiàngluò,动词,旅行与交通,to land; to descend (of aircraft),New HSK Level 4
1366,降温,jiàngwēn,动词,科技与环境,to drop in temperature; to cool down,New HSK Level 4
1367,交,jiāo,动词,人际交往,to hand over; to make (friends),New HSK Level 4
1368,骄傲,jiāo'ào,形容词,日常生活与情感,proud; arrogant,New HSK Level 4
1369,交警,jiāojǐng,名词,旅行与交通,traffic police,New HSK Level 4
1370,交流,jiāoliú,动词,人际交往,to communicate; to exchange (ideas),New HSK Level 4
1371,郊区,jiāoqū,名词,旅行与交通,suburbs; outskirts,New HSK Level 4
1372,交通,jiāotōng,名词,旅行与交通,traffic; transportation,New HSK Level 4
1373,教练,jiàoliàn,名词,健康与运动,coach; trainer; instructor,New HSK Level 4
1374,教师,jiàoshī,名词,职场与教育,teacher,New HSK Level 4
1375,教授,jiàoshòu,名词,职场与教育,professor,New HSK Level 4
1376,教学,jiàoxué,动词,职场与教育,to teach; teaching; education,New HSK Level 4
1377,教育,jiàoyù,名词,职场与教育,education; to educate,New HSK Level 4
1378,叫作,jiàozuò,动词,语法功能词,to be called; to be known as,New HSK Level 4
1379,街道,jiēdào,名词,旅行与交通,street,New HSK Level 4
1380,接受,jiēshòu,动词,人际交往,to accept; to receive,New HSK Level 4
1381,接着,jiēzhe,副词,语法功能词,then; followed by; to catch,New HSK Level 4
1382,结果,jiéguǒ,名词,语法功能词,result; outcome; as a result,New HSK Level 4
1383,节假日,jiéjiàrì,名词,消费与休闲,holidays and festivals,New HSK Level 4
1384,节约,jiéyuē,动词,科技与环境,to save; to economize,New HSK Level 4
1385,结账,jiézhàng,动词,消费与休闲,to pay the bill; to settle accounts,New HSK Level 4
1386,解释,jiěshì,动词,职场与教育,to explain; to interpret; explanation,New HSK Level 4
1387,今后,jīnhòu,名词,日常生活与情感,from now on; in the future,New HSK Level 4
1388,仅,jǐn,副词,语法功能词,only; merely; barely,New HSK Level 4
1389,尽管,jǐnguǎn,连词,语法功能词,although; even though; feel free to,New HSK Level 4
1390,仅仅,jǐnjǐn,副词,语法功能词,only; merely; solely,New HSK Level 4
1391,紧张,jǐnzhāng,形容词,日常生活与情感,nervous; tense,New HSK Level 4
1392,进入,jìnrù,动词,旅行与交通,to enter; to join; to go into,New HSK Level 4
1393,进行,jìnxíng,动词,职场与教育,to carry out; to conduct,New HSK Level 4
1394,禁止,jìnzhǐ,动词,语法功能词,to forbid; to prohibit,New HSK Level 4
1395,精彩,jīngcǎi,形容词,消费与休闲,wonderful; splendid; brilliant,New HSK Level 4
1396,经济,jīngjì,名词,职场与教育,economy; economics,New HSK Level 4
1397,京剧,jīngjù,名词,消费与休闲,Beijing Opera,New HSK Level 4
1398,经历,jīnglì,动词,日常生活与情感,to experience; experience,New HSK Level 4
1399,经验,jīngyàn,名词,职场与教育,experience,New HSK Level 4
1400,警察,jǐngchá,名词,日常生活与情感,police; policeman,New HSK Level 4
1401,景点,jǐngdiǎn,名词,旅行与交通,scenic spot; tourist attraction,New HSK Level 4
1402,景区,jǐngqū,名词,旅行与交通,scenic area; scenic zone,New HSK Level 4
1403,景色,jǐngsè,名词,旅行与交通,scenery; landscape; view,New HSK Level 4
1404,竟然,jìngrán,副词,语法功能词,unexpectedly; to one's surprise,New HSK Level 4
1405,竞争,jìngzhēng,动词,职场与教育,to compete; competition,New HSK Level 4
1406,镜子,jìngzi,名词,日常生活与情感,mirror,New HSK Level 4
1407,究竟,jiūjìng,副词,语法功能词,after all; exactly; actually,New HSK Level 4
1408,就是,jiùshì,副词,语法功能词,exactly; precisely; precisely because,New HSK Level 4
1409,举,jǔ,动词,日常生活与情感,to lift; to raise; to hold up,New HSK Level 4
1410,举办,jǔbàn,动词,职场与教育,to hold; to run (an event),New HSK Level 4
1411,举例,jǔlì,动词,职场与教育,to give an example; to illustrate,New HSK Level 4
1412,举行,jǔxíng,动词,职场与教育,"to hold; to host (a meeting, ceremony)",New HSK Level 4
1413,聚,jù,动词,人际交往,to gather; to assemble; to get together,New HSK Level 4
1414,聚餐,jùcān,动词,日常生活与情感,to dine together; group dining,New HSK Level 4
1415,聚会,jùhuì,名词,人际交往,party; gathering; get-together,New HSK Level 4
1416,拒绝,jùjué,动词,人际交往,to refuse; to decline,New HSK Level 4
1417,距离,jùlí,名词,旅行与交通,distance; to be at a distance from,New HSK Level 4
1418,剧院,jùyuàn,名词,消费与休闲,theater; playhouse,New HSK Level 4
1419,开玩笑,kāiwánxiào,动词,人际交往,to joke; to make fun of,New HSK Level 4
1420,看法,kànfǎ,名词,日常生活与情感,view; opinion; point of view,New HSK Level 4
1421,烤,kǎo,动词,日常生活与情感,to bake; to roast; to toast,New HSK Level 4
1422,考虑,kǎolǜ,动词,职场与教育,to consider; to think over,New HSK Level 4
1423,考生,kǎoshēng,名词,职场与教育,examinee; test candidate,New HSK Level 4
1424,棵,kē,量词,语法功能词,measure word for trees or plants,New HSK Level 4
1425,科技,kējì,名词,科技与环境,science and technology,New HSK Level 4
1426,科学,kēxué,名词,科技与环境,science; scientific,New HSK Level 4
1427,咳,ké,动词,健康与运动,to cough,New HSK Level 4
1428,咳嗽,késou,动词,健康与运动,to cough,New HSK Level 4
1429,可惜,kěxī,形容词,日常生活与情感,it is a pity; regrettable,New HSK Level 4
1430,克,kè,量词,语法功能词,gram,New HSK Level 4
1431,课程,kèchéng,名词,职场与教育,course; curriculum; class,New HSK Level 4
1432,客气,kèqi,形容词,人际交往,polite; courteous; modest,New HSK Level 4
1433,课堂,kètáng,名词,职场与教育,classroom; class,New HSK Level 4
1434,客厅,kètīng,名词,日常生活与情感,living room,New HSK Level 4
1435,肯定,kěndìng,副词,语法功能词,certainly; definitely; to confirm,New HSK Level 4
1436,空,kōng,形容词,日常生活与情感,empty; vacant,New HSK Level 4
1437,空气,kōngqì,名词,科技与环境,air,New HSK Level 4
1438,恐怕,kǒngpà,副词,语法功能词,perhaps; I am afraid that,New HSK Level 4
1439,空,kòng,名词,日常生活与情感,free time; leisure,New HSK Level 4
1440,口语,kǒuyǔ,名词,职场与教育,spoken language; oral language,New HSK Level 4
1441,苦,kǔ,形容词,日常生活与情感,bitter; miserable,New HSK Level 4
1442,快餐,kuàicān,名词,日常生活与情感,fast food; quick meal,New HSK Level 4
1443,快递,kuàidì,名词,消费与休闲,express delivery; courier,New HSK Level 4
1444,快速,kuàisù,形容词,科技与环境,high-speed; fast; rapid,New HSK Level 4
1445,困,kùn,形容词,健康与运动,sleepy; tired,New HSK Level 4
1446,困难,kùnnan,名词,职场与教育,difficulty; difficult,New HSK Level 4
1447,拉,lā,动词,日常生活与情感,to pull; to drag,New HSK Level 4
1448,垃圾,lājī,名词,科技与环境,garbage; trash; rubbish,New HSK Level 4
1449,辣,là,形容词,日常生活与情感,spicy; hot,New HSK Level 4
1450,来不及,láibují,动词,旅行与交通,there is not enough time to; too late,New HSK Level 4
1451,来得及,láidejí,动词,旅行与交通,there is still time to; can make it,New HSK Level 4
1452,懒,lǎn,形容词,日常生活与情感,lazy,New HSK Level 4
1453,浪费,làngfèi,动词,消费与休闲,to waste; to squander,New HSK Level 4
1454,浪漫,làngmàn,形容词,日常生活与情感,romantic,New HSK Level 4
1455,老虎,lǎohǔ,名词,科技与环境,tiger,New HSK Level 4
1456,老家,lǎojiā,名词,日常生活与情感,hometown; ancestral home,New HSK Level 4
1457,老年,lǎonián,名词,日常生活与情感,old age; senility,New HSK Level 4
1458,老是,lǎoshì,副词,语法功能词,always; constantly,New HSK Level 4
1459,冷静,lěngjìng,形容词,日常生活与情感,calm; cool-headed,New HSK Level 4
1460,理发,lǐfà,动词,日常生活与情感,to get a haircut; hairdressing,New HSK Level 4
1461,理解,lǐjiě,动词,人际交往,to understand; to comprehend,New HSK Level 4
1462,礼貌,lǐmào,名词,人际交往,politeness; manners; polite,New HSK Level 4
1463,理想,lǐxiǎng,名词,职场与教育,理想; aspiration; ideal,New HSK Level 4
1464,厉害,lìhai,形容词,日常生活与情感,severe; terrible; awesome,New HSK Level 4
1465,力气,lìqi,名词,健康与运动,strength; physical strength,New HSK Level 4
1466,例如,lìrú,动词,语法功能词,for example; for instance,New HSK Level 4
1467,例子,lìzi,名词,职场与教育,example; instance; case,New HSK Level 4
1468,俩,liǎ,数词,语法功能词,two; both,New HSK Level 4
1469,连,lián,介词,语法功能词,even; to connect,New HSK Level 4
1470,联系,liánxì,动词,人际交往,to contact; to get in touch with,New HSK Level 4
1471,凉,liáng,形容词,科技与环境,cool; cold,New HSK Level 4
1472,量,liáng,动词,语法功能词,to measure; to estimate,New HSK Level 4
1473,两,liǎng,数词,语法功能词,two; a couple of,New HSK Level 4
1474,亮,liàng,形容词,科技与环境,bright; light; to shine,New HSK Level 4
1475,列,liè,量词,语法功能词,"measure word for trains, items, or rows",New HSK Level 4
1476,零下,língxià,名词,科技与环境,below zero,New HSK Level 4
1477,零花钱,línghuāqián,名词,消费与休闲,pocket money; allowance,New HSK Level 4
1478,零钱,língqián,名词,消费与休闲,change; small money,New HSK Level 4
1479,零食,língshí,名词,日常生活与情感,snacks; nibbles,New HSK Level 4
1480,另,lìng,代词,语法功能词,other; another; separate,New HSK Level 4
1481,另外,lìngwài,代词,语法功能词,besides; in addition; other,New HSK Level 4
1482,留,liú,动词,旅行与交通,to stay; to remain; to keep,New HSK Level 4
1483,流,liú,动词,科技与环境,to flow; to run,New HSK Level 4
1484,流利,liúlì,形容词,职场与教育,fluent,New HSK Level 4
1485,留下,liúxia,动词,日常生活与情感,to leave behind; to stay behind,New HSK Level 4
1486,流行,liúxíng,形容词,消费与休闲,popular; fashionable,New HSK Level 4
1487,路过,lùguò,动词,旅行与交通,to pass by; to pass through,New HSK Level 4
1488,旅馆,lǚguǎn,名词,旅行与交通,hotel; inn; hostel,New HSK Level 4
1489,旅客,lǚkè,名词,旅行与交通,passenger; traveler; tourist,New HSK Level 4
1490,旅行,lǚxíng,动词,旅行与交通,to travel; journey,New HSK Level 4
1491,律师,lǜshī,名词,职场与教育,lawyer,New HSK Level 4
1492,乱,luàn,形容词,日常生活与情感,messy; chaotic; in a mess,New HSK Level 4
1493,落,luò,动词,科技与环境,to fall; to drop; to descend,New HSK Level 4
1494,麻烦,máfan,形容词,日常生活与情感,troublesome; to trouble,New HSK Level 4
1495,馒头,mántou,名词,日常生活与情感,steamed bun,New HSK Level 4
1496,满,mǎn,形容词,日常生活与情感,full; packed,New HSK Level 4
1497,毛巾,máojīn,名词,日常生活与情感,towel,New HSK Level 4
1498,毛衣,máoyī,名词,日常生活与情感,sweater; woolen sweater,New HSK Level 4
1499,帽子,màozi,名词,日常生活与情感,hat; cap,New HSK Level 4
1500,美,měi,形容词,日常生活与情感,beautiful; pleasing,New HSK Level 4
1501,美好,měihǎo,形容词,日常生活与情感,fine; happy; glorious,New HSK Level 4
1502,美景,měijǐng,名词,旅行与交通,beautiful scenery; fine view,New HSK Level 4
1503,美丽,měilì,形容词,科技与环境,beautiful; lovely,New HSK Level 4
1504,美食,měishí,名词,日常生活与情感,gourmet food; delicacy,New HSK Level 4
1505,梦,mèng,名词,日常生活与情感,dream,New HSK Level 4
1506,梦想,mèngxiǎng,名词,日常生活与情感,dream; wish; aspiration,New HSK Level 4
1507,密码,mìmǎ,名词,科技与环境,password; pin number,New HSK Level 4
1508,免费,miǎnfèi,形容词,消费与休闲,free of charge; free,New HSK Level 4
1509,面对,miànduì,动词,人际交往,to face; to confront,New HSK Level 4
1510,面试,miànshì,动词,职场与教育,to interview; interview,New HSK Level 4
1511,秒,miǎo,量词,语法功能词,second (unit of time),New HSK Level 4
1512,民族,mínzú,名词,人际交往,nation; nationality; ethnic group,New HSK Level 4
1513,末,mò,名词,语法功能词,end; tip,New HSK Level 4
1514,母女,mǔnǚ,名词,日常生活与情感,mother and daughter,New HSK Level 4
1515,母亲,mǔqīn,名词,日常生活与情感,mother,New HSK Level 4
1516,母子,mǔzǐ,名词,日常生活与情感,mother and son,New HSK Level 4
1517,目标,mùbiāo,名词,职场与教育,target; goal; objective,New HSK Level 4
1518,目的,mùdì,名词,职场与教育,purpose; aim; goal,New HSK Level 4
1519,目的地,mùdìdì,名词,旅行与交通,destination,New HSK Level 4
1520,目前,mùqián,名词,日常生活与情感,at present; currently,New HSK Level 4
1521,耐心,nàixīn,名词,人际交往,patience; patient,New HSK Level 4
1522,南部,nánbù,名词,旅行与交通,southern part; south,New HSK Level 4
1523,难道,nándào,副词,语法功能词,could it be that; (rhetorical question marker),New HSK Level 4
1524,男士,nánshì,名词,人际交往,gentleman; man,New HSK Level 4
1525,难受,nánshòu,形容词,健康与运动,uncomfortable; feeling unwell,New HSK Level 4
1526,难忘,nánwàng,形容词,日常生活与情感,unforgettable; memorable,New HSK Level 4
1527,男性,nánxìng,名词,人际交往,male; masculine,New HSK Level 4
1528,内,nèi,名词,语法功能词,inside; within,New HSK Level 4
1529,内容,nèiróng,名词,职场与教育,content; substance,New HSK Level 4
1530,内心,nèixīn,名词,日常生活与情感,inner heart; inmost being,New HSK Level 4
1531,能否,néngfǒu,动词,语法功能词,whether or not one can; can or not,New HSK Level 4
1532,能够,nénggòu,动词,语法功能词,can; to be able to,New HSK Level 4
1533,能力,nénglì,名词,职场与教育,ability; capability,New HSK Level 4
1534,嗯,?g,叹词,人际交往,uh-huh; okay; well,New HSK Level 4
1535,年底,niándǐ,名词,日常生活与情感,end of the year,New HSK Level 4
1536,年龄,niánlíng,名词,日常生活与情感,age,New HSK Level 4
1537,农村,nóngcūn,名词,科技与环境,countryside; rural area,New HSK Level 4
1538,弄,nòng,动词,日常生活与情感,to do; to make; to manage,New HSK Level 4
1539,女性,nǚxìng,名词,人际交往,female; woman,New HSK Level 4
1540,暖和,nuǎnhuo,形容词,科技与环境,warm; cozy,New HSK Level 4
1541,偶尔,ǒu'ěr,副词,语法功能词,occasionally; once in a while,New HSK Level 4
1542,拍,pāi,动词,消费与休闲,to take (a photo); to pat; to clap,New HSK Level 4
1543,排,pái,动词,语法功能词,to arrange; row; line,New HSK Level 4
1544,牌,pái,名词,消费与休闲,brand; card; plate,New HSK Level 4
1545,排队,páiduì,动词,人际交往,to line up; to queue,New HSK Level 4
1546,排球,páiqiú,名词,健康与运动,volleyball,New HSK Level 4
1547,牌子,páizi,名词,消费与休闲,brand; sign; plate,New HSK Level 4
1548,判断,pànduàn,动词,职场与教育,to judge; to decide; judgment,New HSK Level 4
1549,陪,péi,动词,人际交往,to accompany; to keep company,New HSK Level 4
1550,批评,pīpíng,动词,职场与教育,to criticize; criticism,New HSK Level 4
1551,皮肤,pífū,名词,健康与运动,skin,New HSK Level 4
1552,脾气,píqi,名词,日常生活与情感,temper; disposition,New HSK Level 4
1553,皮鞋,píxié,名词,日常生活与情感,leather shoes,New HSK Level 4
1554,篇,piān,量词,语法功能词,"measure word for articles, essays, or sheets",New HSK Level 4
1555,片,piàn,量词,语法功能词,"measure word for slices, tablets, or areas of land",New HSK Level 4
1556,乒乓球,pīngpāngqiú,名词,健康与运动,table tennis; ping-pong,New HSK Level 4
1557,平常,píngcháng,形容词,日常生活与情感,ordinary; common; usually,New HSK Level 4
1558,破,pò,形容词,日常生活与情感,broken; torn; damaged,New HSK Level 4
1559,葡萄,pútao,名词,日常生活与情感,grape,New HSK Level 4
1560,葡萄酒,pútaojiǔ,名词,日常生活与情感,grape wine; wine,New HSK Level 4
1561,普遍,pǔbiàn,形容词,科技与环境,common; universal; general,New HSK Level 4
1562,普通,pǔtōng,形容词,日常生活与情感,common; ordinary; general,New HSK Level 4
1563,普通话,pǔtōnghuà,名词,职场与教育,Mandarin Chinese,New HSK Level 4
1564,期,qī,量词,语法功能词,period; phase; stage,New HSK Level 4
1565,期末,qīmò,名词,职场与教育,end of term; end of semester,New HSK Level 4
1566,期中,qīzhōng,名词,职场与教育,mid-term; middle of semester,New HSK Level 4
1567,其次,qícì,代词,语法功能词,secondly; next,New HSK Level 4
1568,其中,qízhōng,代词,语法功能词,among which; in which; of which,New HSK Level 4
1569,起到,qǐdào,动词,语法功能词,to play a role; to take effect,New HSK Level 4
1570,气,qì,名词,科技与环境,air; gas; anger,New HSK Level 4
1571,气候,qìhòu,名词,科技与环境,climate,New HSK Level 4
1572,汽水,qìshuǐ,名词,日常生活与情感,soda; carbonated drink,New HSK Level 4
1573,气温,qìwēn,名词,科技与环境,air temperature,New HSK Level 4
1574,千克,qiānkè,量词,语法功能词,kilogram,New HSK Level 4
1575,千万,qiānwàn,副词,语法功能词,by all means; must; ten million,New HSK Level 4
1576,签证,qiānzhèng,名词,旅行与交通,visa,New HSK Level 4
1577,前方,qiánfāng,名词,旅行与交通,ahead; front,New HSK Level 4
1578,前后,qiánhòu,名词,日常生活与情感,around; about; front and back,New HSK Level 4
1579,强,qiáng,形容词,日常生活与情感,strong; powerful,New HSK Level 4
1580,敲,qiāo,动词,日常生活与情感,to knock; to beat; to strike,New HSK Level 4
1581,桥,qiáo,名词,旅行与交通,bridge,New HSK Level 4
1582,巧,qiǎo,形容词,日常生活与情感,coincidental; clever; skillful,New HSK Level 4
1583,巧克力,qiǎokèlì,名词,日常生活与情感,chocolate,New HSK Level 4
1584,亲戚,qīnqi,名词,人际交往,relative; relation,New HSK Level 4
1585,琴,qín,名词,消费与休闲,musical instrument (stringed),New HSK Level 4
1586,轻,qīng,形容词,日常生活与情感,light (weight); gentle,New HSK Level 4
1587,青年,qīngnián,名词,日常生活与情感,youth; young people,New HSK Level 4
1588,轻松,qīngsōng,形容词,健康与运动,relaxed; easy,New HSK Level 4
1589,情况,qíngkuàng,名词,日常生活与情感,situation; condition; state,New HSK Level 4
1590,庆祝,qìngzhù,动词,人际交往,to celebrate,New HSK Level 4
1591,球队,qiúduì,名词,健康与运动,sports team,New HSK Level 4
1592,球迷,qiúmí,名词,消费与休闲,sports fan; ball game fan,New HSK Level 4
1593,区,qū,名词,旅行与交通,district; area; region,New HSK Level 4
1594,区别,qūbié,名词,职场与教育,difference; to distinguish,New HSK Level 4
1595,取,qǔ,动词,消费与休闲,to take; to fetch; to get,New HSK Level 4
1596,取得,qǔdé,动词,职场与教育,to obtain; to acquire; to gain,New HSK Level 4
1597,取消,qǔxiāo,动词,职场与教育,to cancel; to call off,New HSK Level 4
1598,全,quán,形容词,语法功能词,all; whole; entire,New HSK Level 4
1599,全部,quánbù,形容词,语法功能词,all; whole; entire,New HSK Level 4
1600,全都,quándōu,副词,语法功能词,all; without exception,New HSK Level 4
1601,全球,quánqiú,名词,科技与环境,global; the whole world,New HSK Level 4
1602,全身,quánshēn,名词,健康与运动,whole body; all over the body,New HSK Level 4
1603,缺,quē,动词,日常生活与情感,to lack; to be short of; vacant,New HSK Level 4
1604,缺点,quēdiǎn,名词,日常生活与情感,shortcoming; weakness; flaw,New HSK Level 4
1605,缺少,quēshǎo,动词,日常生活与情感,to lack; to be short of,New HSK Level 4
1606,却,què,副词,语法功能词,but; yet; however,New HSK Level 4
1607,确实,quèshí,副词,语法功能词,indeed; really; truly,New HSK Level 4
1608,然而,rán'ér,连词,语法功能词,however; yet; but,New HSK Level 4
1609,热闹,rènao,形容词,消费与休闲,lively; bustling; bustling with noise,New HSK Level 4
1610,人生,rénshēng,名词,日常生活与情感,life; human life,New HSK Level 4
1611,人数,rénshù,名词,语法功能词,number of people,New HSK Level 4
1612,人员,rényuán,名词,人际交往,staff; personnel; crew,New HSK Level 4
1613,任何,rènhé,代词,语法功能词,any; whichever; whatever,New HSK Level 4
1614,任务,rènwu,名词,职场与教育,task; mission; assignment,New HSK Level 4
1615,扔,rēng,动词,科技与环境,to throw; to toss,New HSK Level 4
1616,仍,réng,副词,语法功能词,still; yet,New HSK Level 4
1617,仍然,réngrán,副词,语法功能词,still; yet,New HSK Level 4
1618,日常,rìcháng,形容词,日常生活与情感,daily; everyday,New HSK Level 4
1619,日记,rìjì,名词,日常生活与情感,diary; journal,New HSK Level 4
1620,日期,rìqī,名词,日常生活与情感,date,New HSK Level 4
1621,日子,rìzi,名词,日常生活与情感,day; life; livelihood,New HSK Level 4
1622,入,rù,动词,旅行与交通,to enter; to join; to go into,New HSK Level 4
1623,入口,rùkǒu,名词,旅行与交通,entrance,New HSK Level 4
1624,入学,rùxué,动词,职场与教育,to enter school; to enroll,New HSK Level 4
1625,入住,rùzhù,动词,旅行与交通,to check in (at a hotel),New HSK Level 4
1626,散步,sànbù,动词,健康与运动,to take a walk; to stroll,New HSK Level 4
1627,扫码,sǎomǎ,动词,消费与休闲,to scan a QR code,New HSK Level 4
1628,森林,sēnlín,名词,科技与环境,forest,New HSK Level 4
1629,商量,shāngliang,动词,人际交往,to discuss; to consult,New HSK Level 4
1630,商品,shāngpǐn,名词,消费与休闲,goods; commodity; merchandise,New HSK Level 4
1631,伤心,shāngxīn,形容词,日常生活与情感,sad; broken-hearted,New HSK Level 4
1632,上门,shàngmén,动词,人际交往,to drop in; to visit; home delivery,New HSK Level 4
1633,稍,shāo,副词,语法功能词,slightly; a little bit,New HSK Level 4
1634,稍微,shāowēi,副词,语法功能词,slightly; a little bit,New HSK Level 4
1635,少见,shǎojiàn,形容词,科技与环境,rare; seldom seen,New HSK Level 4
1636,少量,shǎoliàng,名词,语法功能词,small amount; small quantity,New HSK Level 4
1637,少数,shǎoshù,名词,语法功能词,minority; few,New HSK Level 4
1638,少年,shàonián,名词,日常生活与情感,youth; juvenile,New HSK Level 4
1639,社会,shèhuì,名词,人际交往,society,New HSK Level 4
1640,摄氏度,shèshìdù,名词,科技与环境,degrees Celsius; ℃,New HSK Level 4
1641,身,shēn,名词,健康与运动,body; life; stature,New HSK Level 4
1642,深,shēn,形容词,日常生活与情感,deep; dark (color),New HSK Level 4
1643,身份证,shēnfènzhèng,名词,旅行与交通,ID card; identity card,New HSK Level 4
1644,申请,shēnqǐng,动词,职场与教育,to apply for; application,New HSK Level 4
1645,甚至,shènzhì,副词,语法功能词,even; so far as to,New HSK Level 4
1646,生,shēng,动词,日常生活与情感,to give birth; to be born; raw,New HSK Level 4
1647,生,shēng,名词,职场与教育,pupil; student; scholar,New HSK Level 4
1648,生命,shēngmìng,名词,科技与环境,life; lifespan,New HSK Level 4
1649,生意,shēngyi,名词,消费与休闲,business; trade,New HSK Level 4
1650,省,shěng,名词,旅行与交通,province; to save,New HSK Level 4
1651,剩,shèng,动词,日常生活与情感,to remain; to be left over,New HSK Level 4
1652,失败,shībài,动词,职场与教育,to fail; failure,New HSK Level 4
1653,师傅,shīfu,名词,人际交往,master worker; master; driver,New HSK Level 4
1654,失去,shīqù,动词,日常生活与情感,to lose; to miss,New HSK Level 4
1655,师生,shīshēng,名词,职场与教育,teachers and students,New HSK Level 4
1656,失望,shīwàng,形容词,日常生活与情感,disappointed,New HSK Level 4
1657,十分,shífēn,副词,语法功能词,extremely; very; fully,New HSK Level 4
1658,实际,shíjì,名词,日常生活与情感,reality; practice; practical,New HSK Level 4
1659,时间表,shíjiānbiǎo,名词,日常生活与情感,timetable; schedule,New HSK Level 4
1660,实际上,shíjìshàng,副词,语法功能词,actually; in fact; as a matter of fact,New HSK Level 4
1661,食品,shípǐn,名词,日常生活与情感,food; foodstuff,New HSK Level 4
1662,食堂,shítáng,名词,日常生活与情感,canteen; cafeteria,New HSK Level 4
1663,食物,shíwù,名词,日常生活与情感,food; edible things,New HSK Level 4
1664,实在,shízài,副词,语法功能词,indeed; really; honest,New HSK Level 4
1665,十字路口,shízìlùkǒu,名词,旅行与交通,intersection; crossroads,New HSK Level 4
1666,使,shǐ,动词,语法功能词,to make; to cause; to enable,New HSK Level 4
1667,使馆,shǐguǎn,名词,旅行与交通,embassy; consulate,New HSK Level 4
1668,使用,shǐyòng,动词,科技与环境,to use; to employ; to apply,New HSK Level 4
1669,市场,shìchǎng,名词,消费与休闲,market; marketplace,New HSK Level 4
1670,是否,shìfǒu,副词,语法功能词,whether or not; if,New HSK Level 4
1671,适合,shìhé,动词,日常生活与情感,to suit; to fit,New HSK Level 4
1672,世纪,shìjì,名词,科技与环境,century,New HSK Level 4
1673,视频,shìpín,名词,科技与环境,video,New HSK Level 4
1674,市区,shìqū,名词,旅行与交通,urban area; downtown,New HSK Level 4
1675,试题,shìtí,名词,职场与教育,test questions; exam items,New HSK Level 4
1676,适应,shìyìng,动词,日常生活与情感,to adapt to; to adjust to,New HSK Level 4
1677,收费,shōufèi,动词,消费与休闲,to collect fees; to charge,New HSK Level 4
1678,收入,shōurù,名词,职场与教育,income; revenue,New HSK Level 4
1679,收拾,shōushi,动词,日常生活与情感,to tidy up; to pack,New HSK Level 4
1680,收听,shōutīng,动词,消费与休闲,"to listen to (radio, broadcast)",New HSK Level 4
1681,首,shǒu,量词,语法功能词,measure word for songs or poems,New HSK Level 4
1682,首都,shǒudū,名词,旅行与交通,capital (city),New HSK Level 4
1683,首先,shǒuxiān,副词,语法功能词,first of all; firstly,New HSK Level 4
1684,受不了,shòubuliǎo,动词,日常生活与情感,cannot stand; unbearable,New HSK Level 4
1685,售票员,shòupiàoyuán,名词,旅行与交通,ticket seller; conductor,New HSK Level 4
1686,受伤,shòushāng,动词,健康与运动,to be injured; wounded,New HSK Level 4
1687,输,shū,动词,健康与运动,to lose; to be defeated,New HSK Level 4
1688,熟,shú/shóu,形容词,日常生活与情感,cooked; ripe; familiar,New HSK Level 4
1689,熟悉,shúxi,动词,人际交往,to be familiar with; to know well,New HSK Level 4
1690,暑假,shǔjià,名词,职场与教育,summer vacation,New HSK Level 4
1691,数,shù,动词,职场与教育,to count; to calculate,New HSK Level 4
1692,数量,shùliàng,名词,语法功能词,quantity; amount,New HSK Level 4
1693,树林,shùlín,名词,科技与环境,woods; forest; grove,New HSK Level 4
1694,数字,shùzì,名词,职场与教育,number; numeral; digit,New HSK Level 4
1695,帅,shuài,形容词,日常生活与情感,handsome; smart; cool,New HSK Level 4
1696,顺便,shùnbiàn,副词,语法功能词,by the way; in passing; conveniently,New HSK Level 4
1697,顺利,shùnlì,形容词,职场与教育,smoothly; successful; without a hitch,New HSK Level 4
1698,顺序,shùnxù,名词,职场与教育,order; sequence,New HSK Level 4
1699,说法,shuōfǎ,名词,人际交往,phrasing; statement; version,New HSK Level 4
1700,说明,shuōmíng,动词,职场与教育,to explain; to illustrate; explanation,New HSK Level 4
1701,说明书,shuōmíngshū,名词,科技与环境,manual; brochure; instructions,New HSK Level 4
1702,硕士,shuòshì,名词,职场与教育,master's degree; master,New HSK Level 4
1703,死,sǐ,动词,日常生活与情感,to die; dead,New HSK Level 4
1704,速度,sùdù,名词,科技与环境,speed; velocity,New HSK Level 4
1705,塑料,sùliào,名词,科技与环境,plastic,New HSK Level 4
1706,酸,suān,形容词,日常生活与情感,sour; tart; sore,New HSK Level 4
1707,酸奶,suānnǎi,名词,日常生活与情感,yogurt,New HSK Level 4
1708,算,suàn,动词,日常生活与情感,to calculate; to count as; to plan,New HSK Level 4
1709,随便,suíbiàn,形容词,人际交往,casual; careless; do as one pleases,New HSK Level 4
1710,随着,suízhe,介词,语法功能词,along with; in the wake of; following,New HSK Level 4
1711,孙女,sūnnǚ,名词,日常生活与情感,granddaughter,New HSK Level 4
1712,孙子,sūnzi,名词,日常生活与情感,grandson,New HSK Level 4
1713,所有,suǒyǒu,形容词,语法功能词,all; every; entire,New HSK Level 4
1714,台,tái,量词,语法功能词,measure word for machines or performances,New HSK Level 4
1715,抬,tái,动词,日常生活与情感,to lift; to raise; to carry,New HSK Level 4
1716,抬头,táitóu,动词,日常生活与情感,to raise one's head,New HSK Level 4
1717,态度,tàidù,名词,人际交往,attitude; bearing; manner,New HSK Level 4
1718,弹,tán,动词,消费与休闲,to play (stringed instrument); to bounce,New HSK Level 4
1719,谈,tán,动词,人际交往,to talk; to discuss; to chat,New HSK Level 4
1720,汤,tāng,名词,日常生活与情感,soup; broth,New HSK Level 4
1721,躺,tǎng,动词,日常生活与情感,to lie down; to recline,New HSK Level 4
1722,趟,tàng,量词,语法功能词,measure word for trips or times,New HSK Level 4
1723,讨论,tǎolùn,动词,职场与教育,to discuss; to talk over; discussion,New HSK Level 4
1724,讨厌,tǎoyàn,动词,日常生活与情感,to dislike; to loathe; annoying,New HSK Level 4
1725,特点,tèdiǎn,名词,日常生活与情感,characteristic; feature; trait,New HSK Level 4
1726,提,tí,动词,日常生活与情感,to carry (with one hand); to mention; to raise,New HSK Level 4
1727,提出,tíchū,动词,职场与教育,to put forward; to propose; to pose,New HSK Level 4
1728,提到,tídào,动词,人际交往,to mention; to refer to,New HSK Level 4
1729,提供,tígōng,动词,职场与教育,to provide; to supply; to offer,New HSK Level 4
1730,提前,tíqián,动词,职场与教育,to shift to an earlier date; in advance,New HSK Level 4
1731,提醒,tíxǐng,动词,人际交往,to remind; to warn,New HSK Level 4
1732,体检,tǐjiǎn,名词,健康与运动,physical examination; health checkup,New HSK Level 4
1733,体温,tǐwēn,名词,健康与运动,body temperature,New HSK Level 4
1734,体重,tǐzhòng,名词,健康与运动,body weight,New HSK Level 4
1735,填写,tiánxiě,动词,职场与教育,"to fill in (a form, blank)",New HSK Level 4
1736,条件,tiáojiàn,名词,职场与教育,condition; term; qualification,New HSK Level 4
1737,听力,tīnglì,名词,职场与教育,hearing; listening ability,New HSK Level 4
1738,听众,tīngzhòng,名词,消费与休闲,audience; listeners,New HSK Level 4
1739,停,tíng,动词,旅行与交通,to stop; to park; to cease,New HSK Level 4
1740,停车,tíngchē,动词,旅行与交通,to park a car; to stop a vehicle,New HSK Level 4
1741,停车场,tíngchēchǎng,名词,旅行与交通,parking lot; carpark,New HSK Level 4
1742,停止,tíngzhǐ,动词,语法功能词,to stop; to halt; to cease,New HSK Level 4
1743,通,tōng,动词,科技与环境,to lead to; to connect; clear,New HSK Level 4
1744,通过,tōngguò,介词,语法功能词,by means of; through; to pass,New HSK Level 4
1745,通知,tōngzhī,动词,职场与教育,to notify; to inform; notice,New HSK Level 4
1746,童年,tóngnián,名词,日常生活与情感,childhood,New HSK Level 4
1747,同时,tóngshí,连词,语法功能词,at the same time; meanwhile; moreover,New HSK Level 4
1748,同样,tóngyàng,形容词,语法功能词,same; equal; similar,New HSK Level 4
1749,桶,tǒng,名词,日常生活与情感,bucket; pail; barrel,New HSK Level 4
1750,痛,tòng,形容词,健康与运动,painful; sore; to ache,New HSK Level 4
1751,头痛,tóutòng,动词,健康与运动,headache; to have a headache,New HSK Level 4
1752,图,tú,名词,消费与休闲,picture; map; drawing; chart,New HSK Level 4
1753,图片,túpiàn,名词,科技与环境,picture; image; illustration,New HSK Level 4
1754,土,tǔ,名词,科技与环境,soil; earth; dirt; dust,New HSK Level 4
1755,推,tuī,动词,日常生活与情感,to push; to shove; to postpone,New HSK Level 4
1756,推迟,tuīchí,动词,职场与教育,to postpone; to delay; to defer,New HSK Level 4
1757,推出,tuīchū,动词,消费与休闲,"to release; to launch (a product, service)",New HSK Level 4
1758,脱,tuō,动词,日常生活与情感,"to take off (clothes, shoes); to shed",New HSK Level 4
1759,袜子,wàzi,名词,日常生活与情感,socks; stockings,New HSK Level 4
1760,外出,wàichū,动词,旅行与交通,to go out; to travel,New HSK Level 4
1761,外套,wàitào,名词,日常生活与情感,coat; jacket; overcoat,New HSK Level 4
1762,完全,wánquán,副词,语法功能词,completely; fully; entirely,New HSK Level 4
1763,晚安,wǎn'ān,动词,人际交往,good night,New HSK Level 4
1764,晚餐,wǎncān,名词,日常生活与情感,dinner; supper,New HSK Level 4
1765,网购,wǎnggòu,动词,消费与休闲,online shopping; to shop online,New HSK Level 4
1766,往往,wǎngwǎng,副词,语法功能词,often; frequently; more often than not,New HSK Level 4
1767,网页,wǎngyè,名词,科技与环境,web page,New HSK Level 4
1768,网友,wǎngyǒu,名词,人际交往,online friend; internet friend,New HSK Level 4
1769,网址,wǎngzhǐ,名词,科技与环境,web address; URL,New HSK Level 4
1770,危险,wēixiǎn,形容词,科技与环境,dangerous; risky; peril,New HSK Level 4
1771,为,wéi,介词,语法功能词,for; because of,New HSK Level 4
1772,味,wèi,名词,日常生活与情感,taste; smell; odor; flavor,New HSK Level 4
1773,味道,wèidào,名词,日常生活与情感,taste; flavor; smell,New HSK Level 4
1774,卫生,wèishēng,名词,健康与运动,hygiene; sanitation; health,New HSK Level 4
1775,温度,wēndù,名词,科技与环境,temperature,New HSK Level 4
1776,闻,wén,动词,日常生活与情感,to smell; to hear,New HSK Level 4
1777,文件,wénjiàn,名词,职场与教育,document; file; papers,New HSK Level 4
1778,文章,wénzhāng,名词,职场与教育,article; essay,New HSK Level 4
1779,文字,wénzì,名词,职场与教育,characters; script; written language,New HSK Level 4
1780,污染,wūrǎn,动词,科技与环境,to pollute; to contaminate; pollution,New HSK Level 4
1781,无,wú,动词,语法功能词,to not have; without; lacking,New HSK Level 4
1782,无法,wúfǎ,副词,语法功能词,unable; incapable; have no way to,New HSK Level 4
1783,无聊,wúliáo,形容词,日常生活与情感,bored; boring; senseless,New HSK Level 4
1784,无论,wúlùn,连词,语法功能词,no matter what/how; regardless of,New HSK Level 4
1785,午餐,wǔcān,名词,日常生活与情感,lunch; midday meal,New HSK Level 4
1786,误会,wùhuì,动词,人际交往,to misunderstand; misunderstanding,New HSK Level 4
1787,吸,xī,动词,健康与运动,to inhale; to breathe in; to absorb,New HSK Level 4
1788,西部,xībù,名词,旅行与交通,western part; west,New HSK Level 4
1789,西红柿,xīhóngshì,名词,日常生活与情感,tomato,New HSK Level 4
1790,吸引,xīyǐn,动词,消费与休闲,to attract; to draw (attention),New HSK Level 4
1791,细,xì,形容词,日常生活与情感,thin; fine; delicate; detailed,New HSK Level 4
1792,细心,xìxīn,形容词,职场与教育,careful; attentive; meticulous,New HSK Level 4
1793,下降,xiàjiàng,动词,科技与环境,to decline; to descend; to drop,New HSK Level 4
1794,鲜,xiān,形容词,日常生活与情感,fresh; delicious,New HSK Level 4
1795,鲜花,xiānhuā,名词,日常生活与情感,fresh flowers; flowers,New HSK Level 4
1796,咸,xián,形容词,日常生活与情感,salty,New HSK Level 4
1797,现金,xiànjīn,名词,消费与休闲,cash,New HSK Level 4
1798,羡慕,xiànmù,动词,日常生活与情感,to admire; to envy,New HSK Level 4
1799,线上,xiànshàng,形容词,科技与环境,online,New HSK Level 4
1800,线下,xiànxià,形容词,科技与环境,offline,New HSK Level 4
1801,现有,xiànyǒu,动词,语法功能词,to have currently; existing,New HSK Level 4
1802,香,xiāng,形容词,日常生活与情感,fragrant; sweet-smelling; savory,New HSK Level 4
1803,相比,xiāngbǐ,动词,语法功能词,to compare; compared with,New HSK Level 4
1804,相反,xiāngfǎn,形容词,语法功能词,opposite; contrary,New HSK Level 4
1805,相互,xiānghù,副词,语法功能词,mutually; each other,New HSK Level 4
1806,相同,xiāngtóng,形容词,日常生活与情感,same; identical,New HSK Level 4
1807,详细,xiángxì,形容词,职场与教育,detailed; thorough,New HSK Level 4
1808,响,xiǎng,动词,日常生活与情感,to ring; to sound; loud,New HSK Level 4
1809,想法,xiǎngfǎ,名词,日常生活与情感,idea; opinion; thought,New HSK Level 4
1810,项,xiàng,量词,语法功能词,"measure word for items, tasks, or projects",New HSK Level 4
1811,消息,xiāoxi,名词,人际交往,news; information; message,New HSK Level 4
1812,小吃,xiǎochī,名词,消费与休闲,snack; local refreshment,New HSK Level 4
1813,小伙子,xiǎohuǒzi,名词,人际交往,young man; lad,New HSK Level 4
1814,小说,xiǎoshuō,名词,消费与休闲,novel; fiction,New HSK Level 4
1815,小组,xiǎozǔ,名词,职场与教育,group; team,New HSK Level 4
1816,效果,xiàoguǒ,名词,职场与教育,effect; result; outcome,New HSK Level 4
1817,笑话,xiàohua,名词,消费与休闲,joke; jest; to laugh at,New HSK Level 4
1818,血,xiě,名词,健康与运动,blood,New HSK Level 4
1819,心,xīn,名词,日常生活与情感,heart; mind; feeling,New HSK Level 4
1820,辛苦,xīnkǔ,形容词,职场与教育,hard; laborious; toilsome,New HSK Level 4
1821,心情,xīnqíng,名词,日常生活与情感,mood; state of mind,New HSK Level 4
1822,信号,xìnhào,名词,科技与环境,signal,New HSK Level 4
1823,信息,xìnxī,名词,科技与环境,information; news; message,New HSK Level 4
1824,信心,xìnxīn,名词,日常生活与情感,confidence; faith,New HSK Level 4
1825,兴奋,xīngfèn,形容词,日常生活与情感,excited; thrilled,New HSK Level 4
1826,星星,xīngxing,名词,科技与环境,star,New HSK Level 4
1827,醒,xǐng,动词,健康与运动,to wake up; to sober up,New HSK Level 4
1828,性,xìng,后缀,语法功能词,-ity; -ness; nature; character,New HSK Level 4
1829,性别,xìngbié,名词,人际交往,gender; sex,New HSK Level 4
1830,幸福,xìngfú,形容词,日常生活与情感,happy; blessed; well-being,New HSK Level 4
1831,性格,xìnggé,名词,人际交往,personality; character; disposition,New HSK Level 4
1832,兄弟,xiōngdì,名词,日常生活与情感,brothers; brotherly,New HSK Level 4
1833,熊,xióng,名词,科技与环境,bear,New HSK Level 4
1834,修,xiū,动词,日常生活与情感,to repair; to mend; to build,New HSK Level 4
1835,修理,xiūlǐ,动词,日常生活与情感,to repair; to fix; to mend,New HSK Level 4
1836,许多,xǔduō,形容词,语法功能词,many; much; a lot of,New HSK Level 4
1837,学费,xuéfèi,名词,职场与教育,tuition fee; tuition,New HSK Level 4
1838,学院,xuéyuàn,名词,职场与教育,college; academy; institute,New HSK Level 4
1839,压,yā,动词,日常生活与情感,to press; to push down; to weigh down,New HSK Level 4
1840,压力,yālì,名词,职场与教育,pressure; stress,New HSK Level 4
1841,牙膏,yágāo,名词,日常生活与情感,toothpaste,New HSK Level 4
1842,亚洲,Yàzhōu,名词,旅行与交通,Asia,New HSK Level 4
1843,烟,yān,名词,健康与运动,smoke; cigarette; tobacco,New HSK Level 4
1844,盐,yán,名词,日常生活与情感,salt,New HSK Level 4
1845,严格,yángé,形容词,职场与教育,strict; rigorous,New HSK Level 4
1846,研究,yánjiū,动词,职场与教育,to study; to research; research,New HSK Level 4
1847,研究生,yánjiūshēng,名词,职场与教育,postgraduate student; graduate student,New HSK Level 4
1848,严重,yánzhòng,形容词,科技与环境,serious; grave; critical,New HSK Level 4
1849,演,yǎn,动词,消费与休闲,to play; to act; to perform,New HSK Level 4
1850,演唱,yǎnchàng,动词,消费与休闲,to sing (in a performance),New HSK Level 4
1851,演出,yǎnchū,动词,消费与休闲,to perform; show; exhibition,New HSK Level 4
1852,眼镜,yǎnjìng,名词,健康与运动,glasses; spectacles,New HSK Level 4
1853,眼前,yǎnqián,名词,日常生活与情感,before one's eyes; at present,New HSK Level 4
1854,演员,yǎnyuán,名词,消费与休闲,actor; actress; performer,New HSK Level 4
1855,阳光,yángguāng,名词,科技与环境,sunshine; sunlight,New HSK Level 4
1856,养成,yǎngchéng,动词,日常生活与情感,to cultivate; to form (a habit),New HSK Level 4
1857,样子,yàngzi,名词,日常生活与情感,appearance; look; manner,New HSK Level 4
1858,邀请,yāoqǐng,动词,人际交往,to invite; invitation,New HSK Level 4
1859,要是,yàoshi,连词,语法功能词,if; in case,New HSK Level 4
1860,钥匙,yàoshi,名词,日常生活与情感,key,New HSK Level 4
1861,也许,yěxǔ,副词,语法功能词,perhaps; maybe,New HSK Level 4
1862,夜,yè,名词,日常生活与情感,night,New HSK Level 4
1863,夜晚,yèwǎn,名词,日常生活与情感,night; evening,New HSK Level 4
1864,叶子,yèzi,名词,科技与环境,leaf,New HSK Level 4
1865,一切,yíqiè,代词,语法功能词,all; everything,New HSK Level 4
1866,已,yǐ,副词,语法功能词,already,New HSK Level 4
1867,以内,yǐnèi,名词,语法功能词,within; less than,New HSK Level 4
1868,意见,yìjiàn,名词,人际交往,opinion; view; objection,New HSK Level 4
1869,一生,yìshēng,名词,日常生活与情感,all one's life; lifetime,New HSK Level 4
1870,艺术,yìshù,名词,消费与休闲,art,New HSK Level 4
1871,因此,yīncǐ,连词,语法功能词,therefore; for this reason; consequently,New HSK Level 4
1872,引起,yǐnqǐ,动词,科技与环境,to cause; to lead to; to arouse,New HSK Level 4
1873,印象,yìnxiàng,名词,人际交往,impression,New HSK Level 4
1874,赢,yíng,动词,健康与运动,to win; to beat,New HSK Level 4
1875,赢得,yíngdé,动词,职场与教育,to win; to gain; to achieve,New HSK Level 4
1876,应聘,yìngpìn,动词,职场与教育,to apply for a job,New HSK Level 4
1877,勇敢,yǒnggǎn,形容词,日常生活与情感,brave; courageous,New HSK Level 4
1878,永远,yǒngyuǎn,副词,语法功能词,forever; always; eternally,New HSK Level 4
1879,用来,yònglái,动词,语法功能词,to be used for,New HSK Level 4
1880,用于,yòngyú,动词,语法功能词,to be used for/in,New HSK Level 4
1881,优点,yōudiǎn,名词,人际交往,merit; advantage; strong point,New HSK Level 4
1882,幽默,yōumò,形容词,人际交往,humorous; funny,New HSK Level 4
1883,优秀,yōuxiù,形容词,职场与教育,excellent; outstanding; distinguished,New HSK Level 4
1884,由,yóu,介词,语法功能词,by; from; due to,New HSK Level 4
1885,油,yóu,名词,日常生活与情感,oil; grease; petroleum,New HSK Level 4
1886,尤其,yóuqí,副词,语法功能词,especially; particularly,New HSK Level 4
1887,游玩,yóuwán,动词,消费与休闲,to play; to sightsee; to amuse oneself,New HSK Level 4
1888,由于,yóuyú,连词,语法功能词,because of; due to; owing to,New HSK Level 4
1889,友好,yǒuhǎo,形容词,人际交往,friendly; amicable,New HSK Level 4
1890,友情,yǒuqíng,名词,人际交往,friendship; friendly feelings,New HSK Level 4
1891,有趣,yǒuqù,形容词,消费与休闲,interesting; fascinating; amusing,New HSK Level 4
1892,有效,yǒuxiào,形容词,职场与教育,effective; valid; efficacious,New HSK Level 4
1893,友谊,yǒuyì,名词,人际交往,friendship; companionship,New HSK Level 4
1894,有着,yǒuzhe,动词,语法功能词,to have; to possess (abstract things),New HSK Level 4
1895,愉快,yúkuài,形容词,日常生活与情感,pleasant; happy; joyful,New HSK Level 4
1896,于是,yúshì,连词,语法功能词,as a result; thereupon; hence,New HSK Level 4
1897,与,yǔ,连词,语法功能词,and; with; together with,New HSK Level 4
1898,语法,yǔfǎ,名词,职场与教育,grammar,New HSK Level 4
1899,预习,yùxí,动词,职场与教育,to preview; to prepare lessons before class,New HSK Level 4
1900,原来,yuánlái,形容词,语法功能词,original; former; as it turns out,New HSK Level 4
1901,原谅,yuánliàng,动词,人际交往,to forgive; to excuse; to pardon,New HSK Level 4
1902,原因,yuányīn,名词,日常生活与情感,reason; cause,New HSK Level 4
1903,远离,yuǎnlí,动词,旅行与交通,to stay far away from; to keep away,New HSK Level 4
1904,院长,yuànzhǎng,名词,职场与教育,dean; head of a college or hospital,New HSK Level 4
1905,院子,yuànzi,名词,日常生活与情感,courtyard; yard,New HSK Level 4
1906,约,yuē,动词,人际交往,to make an appointment; to invite; about,New HSK Level 4
1907,约会,yuēhuì,动词,人际交往,to date; to make an appointment; date,New HSK Level 4
1908,月饼,yuèbing,名词,日常生活与情感,mooncakes,New HSK Level 4
1909,阅读,yuèdú,动词,职场与教育,to read; reading,New HSK Level 4
1910,月份,yuèfèn,名词,日常生活与情感,month,New HSK Level 4
1911,云,yún,名词,科技与环境,cloud,New HSK Level 4
1912,允许,yǔnxǔ,动词,职场与教育,to allow; to permit,New HSK Level 4
1913,杂志,zázhì,名词,消费与休闲,magazine; journal,New HSK Level 4
1914,再次,zàicì,副词,语法功能词,once more; once again,New HSK Level 4
1915,再说,zàishuō,连词,语法功能词,besides; moreover; to put off until later,New HSK Level 4
1916,暂时,zànshí,副词,语法功能词,temporarily; for the moment; temporary,New HSK Level 4
1917,暂停,zàntíng,动词,健康与运动,to suspend; to pause; time-out,New HSK Level 4
1918,早餐,zǎocān,名词,日常生活与情感,breakfast,New HSK Level 4
1919,早晨,zǎochen,名词,日常生活与情感,early morning,New HSK Level 4
1920,责任,zérèn,名词,职场与教育,responsibility; duty; blame,New HSK Level 4
1921,增加,zēngjiā,动词,科技与环境,to increase; to add; to raise,New HSK Level 4
1922,增长,zēngzhǎng,动词,科技与环境,to grow; to increase; growth,New HSK Level 4
1923,招聘,zhāopìn,动词,职场与教育,to recruit; to invite applications for jobs,New HSK Level 4
1924,着,zháo,助词,语法功能词,(aspect particle indicating continuous state),New HSK Level 4
1925,着火,zháohuǒ,动词,科技与环境,to catch fire; on fire,New HSK Level 4
1926,者,zhě,后缀,语法功能词,(suffix indicating person) -er; -ist,New HSK Level 4
1927,真正,zhēnzhèng,形容词,语法功能词,genuine; real; true,New HSK Level 4
1928,整,zhěng,形容词,语法功能词,whole; complete; entire; exact,New HSK Level 4
1929,整个,zhěnggè,形容词,语法功能词,whole; entire,New HSK Level 4
1930,整理,zhěnglǐ,动词,日常生活与情感,to arrange; to tidy up; to sort out,New HSK Level 4
1931,证,zhèng,名词,职场与教育,certificate; card; proof,New HSK Level 4
1932,正常,zhèngcháng,形容词,科技与环境,normal; regular,New HSK Level 4
1933,正好,zhènghǎo,副词,语法功能词,just right; precisely; happen to,New HSK Level 4
1934,证件,zhèngjiàn,名词,旅行与交通,credentials; certificate; papers,New HSK Level 4
1935,证明,zhèngmíng,动词,职场与教育,to prove; to testify; certificate,New HSK Level 4
1936,正确,zhèngquè,形容词,职场与教育,correct; right; proper,New HSK Level 4
1937,正式,zhèngshì,形容词,职场与教育,official; formal,New HSK Level 4
1938,之,zhī,助词,语法功能词,(literary equivalent of 'de'); of,New HSK Level 4
1939,支持,zhīchí,动词,人际交往,to support; to back; support,New HSK Level 4
1940,支付,zhīfù,动词,消费与休闲,to pay (money),New HSK Level 4
1941,之后,zhīhòu,名词,语法功能词,afterwards; later; after,New HSK Level 4
1942,之间,zhījiān,名词,语法功能词,between; among,New HSK Level 4
1943,之前,zhīqián,名词,语法功能词,before; prior to,New HSK Level 4
1944,知识,zhīshi,名词,职场与教育,knowledge,New HSK Level 4
1945,之中,zhīzhōng,名词,语法功能词,in the middle of; among,New HSK Level 4
1946,值,zhí,动词,消费与休闲,to be worth; value,New HSK Level 4
1947,值得,zhídé,动词,消费与休闲,to be worth; to deserve,New HSK Level 4
1948,直接,zhíjiē,形容词,人际交往,direct; straight; immediate,New HSK Level 4
1949,植物,zhíwù,名词,科技与环境,plant; flora,New HSK Level 4
1950,职业,zhíyè,名词,职场与教育,occupation; profession; career,New HSK Level 4
1951,指,zhǐ,动词,人际交往,to point to; to refer to,New HSK Level 4
1952,指出,zhǐchū,动词,职场与教育,to point out; to indicate,New HSK Level 4
1953,只好,zhǐhǎo,副词,语法功能词,have to; forced to; have no choice but to,New HSK Level 4
1954,纸巾,zhǐjīn,名词,日常生活与情感,paper towel; tissue,New HSK Level 4
1955,质量,zhìliàng,名词,消费与休闲,quality,New HSK Level 4
1956,至少,zhìshǎo,副词,语法功能词,at least,New HSK Level 4
1957,中餐,zhōngcān,名词,日常生活与情感,Chinese food; Chinese meal,New HSK Level 4
1958,中年,zhōngnián,名词,日常生活与情感,middle age,New HSK Level 4
1959,种,zhòng,量词,语法功能词,kind; type; sort,New HSK Level 4
1960,重,zhòng,形容词,日常生活与情感,heavy; important,New HSK Level 4
1961,重点,zhòngdiǎn,名词,职场与教育,focus; key point; emphasis,New HSK Level 4
1962,重视,zhòngshì,动词,职场与教育,to value; to attach importance to; to pay attention to,New HSK Level 4
1963,周围,zhōuwéi,名词,科技与环境,surroundings; around; vicinity,New HSK Level 4
1964,主意,zhǔyi,名词,日常生活与情感,idea; plan; decision,New HSK Level 4
1965,祝,zhù,动词,人际交往,to wish; to express good wishes,New HSK Level 4
1966,祝贺,zhùhè,动词,人际交往,to congratulate,New HSK Level 4
1967,著名,zhùmíng,形容词,消费与休闲,famous; well-known; celebrated,New HSK Level 4
1968,专门,zhuānmén,副词,语法功能词,specially; specialized,New HSK Level 4
1969,专业,zhuānyè,名词,职场与教育,major; specialty; professional,New HSK Level 4
1970,转,zhuǎn,动词,旅行与交通,to turn; to shift; to transfer,New HSK Level 4
1971,转发,zhuǎnfā,动词,科技与环境,to forward; to repost,New HSK Level 4
1972,转机,zhuǎnjī,动词,旅行与交通,to transfer flights; flight transfer,New HSK Level 4
1973,赚,zhuàn,动词,消费与休闲,to earn; to make a profit,New HSK Level 4
1974,装,zhuāng,动词,日常生活与情感,to load; to pack; to install; to pretend,New HSK Level 4
1975,准,zhǔn,形容词,语法功能词,accurate; standard; to allow,New HSK Level 4
1976,准确,zhǔnquè,形容词,职场与教育,accurate; exact; precise,New HSK Level 4
1977,准时,zhǔnshí,副词,语法功能词,on time; punctual; punctually,New HSK Level 4
1978,资料,zīliào,名词,职场与教育,data; material; information,New HSK Level 4
1979,仔细,zǐxì,形容词,职场与教育,careful; attentive; cautious,New HSK Level 4
1980,自,zì,介词,语法功能词,from; since; self,New HSK Level 4
1981,自然,zìrán,名词,科技与环境,nature; natural; naturally,New HSK Level 4
1982,自习,zìxí,动词,职场与教育,to study by oneself; self-study,New HSK Level 4
1983,自信,zìxìn,形容词,日常生活与情感,self-confident; confident,New HSK Level 4
1984,自学,zìxué,动词,职场与教育,to study independently; self-study,New HSK Level 4
1985,总结,zǒngjié,动词,职场与教育,to summarize; summary,New HSK Level 4
1986,租,zū,动词,日常生活与情感,to rent; to lease,New HSK Level 4
1987,组,zǔ,量词,语法功能词,group; set; series,New HSK Level 4
1988,最终,zuìzhōng,副词,语法功能词,finally; ultimate; in the end,New HSK Level 4
1989,尊重,zūnzhòng,动词,人际交往,to respect; to value,New HSK Level 4
1990,左右,zuǒyòu,名词,语法功能词,around; approximately; about,New HSK Level 4
1991,座,zuò,量词,语法功能词,"measure word for mountains, buildings, or large structures",New HSK Level 4
1992,做法,zuòfǎ,名词,日常生活与情感,way of doing things; course of action,New HSK Level 4
1993,作家,zuòjiā,名词,消费与休闲,writer; author,New HSK Level 4
1994,做梦,zuòmèng,动词,日常生活与情感,to dream; to daydream,New HSK Level 4
1995,作品,zuòpǐn,名词,消费与休闲,works (of literature or art),New HSK Level 4
1996,作为,zuòwéi,动词,语法功能词,as; to regard as; achievement,New HSK Level 4
1997,座位,zuòwèi,名词,旅行与交通,seat; place,New HSK Level 4
1998,作文,zuòwén,名词,职场与教育,essay; composition; to write an essay,New HSK Level 4
1999,作用,zuòyòng,名词,科技与环境,effect; function; role,New HSK Level 4
2000,作者,zuòzhě,名词,职场与教育,author; writer,New HSK Level 4
